DNI;Apellidos;Nombres;Sexo;Fecha;Poblacion;Codigop;Pagado;Mes
22198442S;  CHAVEZ RODRIGUEZ ;ADRIANA;M;9-abr.-07;SANTA CRUZ DE TENERIFE;38002;105,00  ;2007/04
52735938C;  FUMERO RODRIGUEZ ;ABERBEQUERE;V;17-dic.-07;GÜIMAR;38570;70,00  ;2007/12
64346772V;  GONZALEZ RODRIGUEZ ;ABRAHAM;M;17-oct.-07;SANTA CRUZ DE TENERIFE;38320;35,00  ;2007/10
14485428M;  MENDEZ RODRIGUEZ ;ACOIDAN;V;7-jul.-07;LA LAGUNA;38004;70,00  ;2007/07
36969341S;  MORALES RODRIGUEZ ;AFRICA;M;2-ago.-07;LA LAGUNA;38108;70,00  ;2007/08
42258352S;  PADILLA RODRIGUEZ ;JUAN;V;24-abr.-07;CANDELARIA;38003;105,00  ;2007/04
19856417B;  PEREZ RODRIGUEZ ;PEDRO;V;26-jun.-07;GÜIMAR;38570;105,00  ;2007/06
49013684V;  REBECA RODRIGUEZ ;AIDA;M;12-jun.-07;SANTA CRUZ DE TENERIFE;38320;70,00  ;2007/06
39831789K;  RODRIGUEZ RODRIGUEZ ;AIDA MARIA;M;6-feb.-08;GÜIMAR;38570;105,00  ;2008/02
51308119H; ABAD RODRIGUEZ ;AIRAM;V;15-ene.-08;GÜIMAR;38570;105,00  ;2008/01
55878242H; ABREU RODRIGUEZ ;AIRAM;V;25-sep.-07;SANTA CRUZ DE TENERIFE;38320;35,00  ;2007/09
61395309Y; ACOSTA RODRIGUEZ ;AIRAM;V;1-jun.-07;LA LAGUNA;38004;70,00  ;2007/06
14534596E; ACOSTA RODRIGUEZ ;AITOR;V;28-ago.-07;SANTA CRUZ DE TENERIFE;38002;35,00  ;2007/08
69693326Z; ACOSTA RODRIGUEZ ;ALBA;M;3-feb.-07;GÜIMAR;38570;35,00  ;2007/02
12111910H; ADAN RODRIGUEZ ;ALBA;M;5-ago.-07;SANTA CRUZ DE TENERIFE;38320;35,00  ;2007/08
87989926E; AFONSO RODRIGUEZ ;ALBERTA MONSERRAT;M;13-abr.-08;LA LAGUNA;38004;35,00  ;2008/04
45245681N; AFONSO RODRIGUEZ ;ALBERTO TOMAS;V;5-jul.-07;LA LAGUNA;38004;35,00  ;2007/07
78092571G; AFONSO RODRIGUEZ ;ALBERTO;V;29-ene.-07;GÜIMAR;38570;35,00  ;2007/01
75673336R; AFONSO RODRIGUEZ ;ALBERTO;V;30-ago.-07;LA LAGUNA;38108;35,00  ;2007/08
75695079D; AFONSO RODRIGUEZ ;ALBERTO;V;23-feb.-07;SANTA CRUZ DE TENERIFE;38002;70,00  ;2007/02
98124735L; AFONSO RODRIGUEZ ;ALBERTO;V;21-abr.-07;SANTA CRUZ DE TENERIFE;38320;105,00  ;2007/04
63046038W; AFONSO RODRIGUEZ ;ALEIDA;M;29-jun.-07;LA LAGUNA;38108;35,00  ;2007/06
67684766K; AFONSO RODRIGUEZ ;ALEJANDRA ISABEL;M;19-abr.-08;CANDELARIA;38003;70,00  ;2008/04
57013726S; AGUIAR ROCA ;ALEJANDRO;V;17-ago.-07;SANTA CRUZ DE TENERIFE;38002;70,00  ;2007/08
42443462K; AGUILAR RIVERO ;ALEJANDRO;V;11-feb.-07;GÜIMAR;38570;105,00  ;2007/02
21375063J; ALAMO RIVERO ;ALEJANDRO;V;10-jun.-07;SANTA CRUZ DE TENERIFE;38002;35,00  ;2007/06
48813044Y; ALBELO RIVAS ;ALEJANDRO;V;15-may.-07;GÜIMAR;38570;70,00  ;2007/05
88818922Y; ALBERTO REYES ;ALEJANDRO MATEO;V;28-jul.-07;LA LAGUNA;38004;105,00  ;2007/07
30954655J; ALBERTO REYES ;ALEXANDER;V;18-mar.-08;CANDELARIA;38003;35,00  ;2008/03
92704853H; ALBERTO REYES ;ALEXANDER;V;24-abr.-07;LA LAGUNA;38108;105,00  ;2007/04
14711056A; ALBERTO RIVA ;ALEJANDRO;V;15-jun.-07;SANTA CRUZ DE TENERIFE;38320;70,00  ;2007/06
56167773W; ALDEGHERI REYES ;ALEXIA MARGARITA;M;19-ago.-07;SANTA CRUZ DE TENERIFE;38002;105,00  ;2007/08
53890902Q; ALEMAN REYES ;ALEXIS;V;14-abr.-07;GÜIMAR;38570;105,00  ;2007/04
53913617F; ALFONSO REYES ;ALFONSO;V;15-abr.-07;SANTA CRUZ DE TENERIFE;38320;105,00  ;2007/04
92944438N; ALFONSO REYES ;ALFREDO;V;27-oct.-07;LA LAGUNA;38004;105,00  ;2007/10
66281602H; ALONSO RAVELO ;AMADEO;V;5-jun.-07;CANDELARIA;38003;70,00  ;2007/06
39303842Q; ALONSO RAVELO ;AMADOR;V;15-mar.-07;GÜIMAR;38570;105,00  ;2007/03
64191849E; ALONSO RAVELO ;AMANDA;M;11-mar.-07;SANTA CRUZ DE TENERIFE;38320;35,00  ;2007/03
42423607S; ALONSO REGALADO ;ALVARO;V;26-abr.-08;LA LAGUNA;38108;70,00  ;2008/04
42167621L; ALONSO REINA ;ALVARA;M;12-jun.-07;LA LAGUNA;38004;105,00  ;2007/06
13224603V; ALONSO REVERON ;ALICUA;V;5-abr.-07;SANTA CRUZ DE TENERIFE;38320;105,00  ;2007/04
85112039X; ALONSO REYES ;ALICIA;M;30-ene.-08;CANDELARIA;38003;70,00  ;2008/01
70276522E; ALONSO REYES ;ALICIA;M;10-feb.-07;GÜIMAR;38570;105,00  ;2007/02
70276522E; ALONSO REYES ;ALICIA;M;9-ene.-08;GÜIMAR;38570;70,00  ;2008/01
37273349D; ALONSO REYES ;ALICIA;M;13-jul.-07;LA LAGUNA;38108;35,00  ;2007/07
52000119V; ALONSO REYES ;ALICIA;M;25-mar.-08;SANTA CRUZ DE TENERIFE;38002;105,00  ;2008/03
70524683J; ALVAREZ RAMOS ;ANA;M;25-may.-07;SANTA CRUZ DE TENERIFE;38002;70,00  ;2007/05
47494189V; ALVAREZ RANCEL ;ANA;M;4-ene.-08;LA LAGUNA;38004;105,00  ;2008/01
25020130V; ALVAREZ RANCEL ;ANA;V;20-oct.-07;LA LAGUNA;38108;70,00  ;2007/10
20343608Q; ALVAREZ RAVELO ;AMELIA;M;15-feb.-08;SANTA CRUZ DE TENERIFE;38002;105,00  ;2008/02
31290386J; ALVAREZ RAVELO ;ANA;M;29-ago.-07;GÜIMAR;38570;105,00  ;2007/08
47118057G; ALVAREZ RAVELO ;ANA;M;2-abr.-07;SANTA CRUZ DE TENERIFE;38320;105,00  ;2007/04
58544225W; AMADOR RAMOS ;ANA ALICIA;M;27-jun.-07;SANTA CRUZ DE TENERIFE;38320;35,00  ;2007/06
53820372G; AMADOR RAMOS ;ANA;M;14-mar.-07;GÜIMAR;38570;70,00  ;2007/03
10166188G; ARBELO RAMOS ;ANA BEATRIZ;M;21-jun.-07;LA LAGUNA;38004;70,00  ;2007/06
86113399L; ARBELO RAMOS ;ANA BELEN;M;8-abr.-08;LA LAGUNA;38108;70,00  ;2008/04
54483992M; ARBELO RAMOS ;ANA DELIA;M;23-dic.-07;CANDELARIA;38003;105,00  ;2007/12
59892853W; ARENCIBIA RAMOS ;ANA GLORIA;V;18-ene.-07;SANTA CRUZ DE TENERIFE;38002;70,00  ;2007/01
41067895S; ARMAS RAMON ;ANA MARIA;M;22-sep.-07;LA LAGUNA;38004;70,00  ;2007/09
62982077G; ARMAS RAMOS ;ANA I.;V;11-abr.-08;GÜIMAR;38570;70,00  ;2008/04
25850952X; ARMAS RAMOS ;ANA ISABEL;M;24-ene.-07;LA LAGUNA;38004;105,00  ;2007/01
94181487Y; ARMAS RAMOS ;ANA ISABEL;V;27-jun.-07;SANTA CRUZ DE TENERIFE;38320;70,00  ;2007/06
97635752Q; ARMAS RAMOS ;ANA LUISA;M;14-mar.-08;SANTA CRUZ DE TENERIFE;38002;70,00  ;2008/03
91156126L; ARMAS RAMOS ;ANA MARIA;M;21-jul.-07;GÜIMAR;38570;105,00  ;2007/07
67851951L; ARMAS RAMOS ;ANA MARIA;M;29-jun.-07;SANTA CRUZ DE TENERIFE;38320;70,00  ;2007/06
47423458B; AROCHA QUIROS ;ANA MARIA;V;29-abr.-08;CANDELARIA;38003;35,00  ;2008/04
60586161K; AROCHA QUITERO ;ANA MARIA;M;22-nov.-07;LA LAGUNA;38108;105,00  ;2007/11
63420620Y; ARTEAGA QUINTERO ;ANA MARIA;M;9-jul.-07;SANTA CRUZ DE TENERIFE;38320;35,00  ;2007/07
71902527L; ARTEAGA QUIROS ;ANA MARIA;M;10-ene.-08;GÜIMAR;38570;105,00  ;2008/01
43857541Z; ARTILES QUINTERO ;ANA TERESA;M;14-jun.-07;SANTA CRUZ DE TENERIFE;38002;105,00  ;2007/06
64261438J; ARZOLA QUINTERO ;ANA VICTORIA;M;29-mar.-07;GÜIMAR;38570;105,00  ;2007/03
85963132B; ASENJO QUINTERO ;ANABEL;M;6-mar.-08;SANTA CRUZ DE TENERIFE;38002;35,00  ;2008/03
72628038H; AVILA QUINTERO ;ANABEL;V;18-may.-07;GÜIMAR;38570;35,00  ;2007/05
88742368L; AVILA QUINTERO ;ANDREA LAURA;M;9-abr.-07;SANTA CRUZ DE TENERIFE;38320;105,00  ;2007/04
52931269N; AYALA QUINTERO ;ANDRES;V;24-nov.-07;LA LAGUNA;38004;70,00  ;2007/11
92394969J; AYALA QUINTERO ;ANDRES;V;29-oct.-07;LA LAGUNA;38108;70,00  ;2007/10
92075066V; BARRERA PUERTA ;ANGELA NATALIA;M;23-abr.-08;GÜIMAR;38570;35,00  ;2008/04
59321124F; BARRERA QUINTANA ;ANGELA;M;5-nov.-07;SANTA CRUZ DE TENERIFE;38002;35,00  ;2007/11
52907303N; BARRERA QUINTAS ;ANDRES;V;14-mar.-07;CANDELARIA;38003;70,00  ;2007/03
73330098A; BARRETO POZO ;ANGELES;M;14-nov.-07;LA LAGUNA;38004;35,00  ;2007/11
11651833X; BARRETO PRIETO ;ANGELES;M;18-ene.-08;SANTA CRUZ DE TENERIFE;38320;105,00  ;2008/01
18700925Q; BARRIOS PLASENCIA ;ANGELES;M;17-dic.-07;GÜIMAR;38570;35,00  ;2007/12
53640438E; BARRIOS PLASENCIA ;ANGELES;M;21-nov.-07;LA LAGUNA;38108;35,00  ;2007/11
30815741L; BARRIOS PLASENCIA ;ANGELES;M;27-jun.-07;SANTA CRUZ DE TENERIFE;38002;105,00  ;2007/06
97885105A; BARRIOS PLASENCIA ;ANGELES;M;6-ene.-08;SANTA CRUZ DE TENERIFE;38320;35,00  ;2008/01
47304994C; BARROSO PINILLA ;ANTONIA;M;5-oct.-07;GÜIMAR;38570;105,00  ;2007/10
77357469M; BARROSO PINO ;ANTOLIN;V;25-jul.-07;SANTA CRUZ DE TENERIFE;38002;70,00  ;2007/07
73267424G; BARROSO PIÑERO ;ANGELES;M;15-oct.-07;LA LAGUNA;38108;105,00  ;2007/10
34583539A; BARROSO PIÑERO ;ANIBAL;V;29-feb.-08;CANDELARIA;38003;35,00  ;2008/02
49138702F; BARROSO PITTERS ;ANGELES;V;14-mar.-08;LA LAGUNA;38004;70,00  ;2008/03
86725716F; BASO PINEDA ;ANTONIA;M;20-nov.-07;LA LAGUNA;38004;70,00  ;2007/11
11122404H; BASO PINEDA ;ANTONIA;M;26-ene.-07;SANTA CRUZ DE TENERIFE;38320;35,00  ;2007/01
50061649X; BATISTA PIMIENTEL ;ANTONIA;M;2-jul.-07;LA LAGUNA;38108;70,00  ;2007/07
19099773K; BAUTE PEREZ ;ANTONIA MARIA;M;27-oct.-07;SANTA CRUZ DE TENERIFE;38002;70,00  ;2007/10
47010334J; BAUTE PIMIENTA ;ANTONIA;M;11-may.-07;CANDELARIA;38003;105,00  ;2007/05
41283827T; BAUTISTA PEREZ ;ANTONIA MARIA;M;2-feb.-07;GÜIMAR;38570;35,00  ;2007/02
87332583L; BAUTISTA PEREZ ;ANTONIO;V;13-ago.-07;LA LAGUNA;38004;70,00  ;2007/08
43354165Q; BAUTISTA PEREZ ;ANTONIO;V;4-dic.-07;SANTA CRUZ DE TENERIFE;38320;70,00  ;2007/12
14836405W; BELLÓ PEREZ ;ANTONIO;V;24-mar.-08;LA LAGUNA;38108;70,00  ;2008/03
58888964V; BELTRAN PEREZ ;ANTONIO;V;15-ene.-07;GÜIMAR;38570;105,00  ;2007/01
83441019D; BELTRAN PEREZ ;ANTONIO;V;7-dic.-07;SANTA CRUZ DE TENERIFE;38002;70,00  ;2007/12
65564655G; BENCOMO PEREZ ;ANTONIO;M;7-jun.-07;LA LAGUNA;38004;105,00  ;2007/06
80631505Z; BENCOMO PEREZ ;ANTONIO;M;21-feb.-07;SANTA CRUZ DE TENERIFE;38320;35,00  ;2007/02
94933433J; BENITEZ PEREZ ;ANTONIO;V;29-jul.-07;LA LAGUNA;38108;70,00  ;2007/07
79486183T; BERLANGA PEREZ ;ANTONIO DAVID;V;25-nov.-07;CANDELARIA;38003;35,00  ;2007/11
75309155W; BERNAL PEREZ ;ANTONIO DAVID;V;29-abr.-07;GÜIMAR;38570;70,00  ;2007/04
19514580T; BETHENCOURT PEREZ ;ANTONIO MANUEL;V;14-jul.-07;SANTA CRUZ DE TENERIFE;38002;105,00  ;2007/07
25005790Y; BETHENCOURT PEREZ ;ANTONIO M;V;11-mar.-08;SANTA CRUZ DE TENERIFE;38320;70,00  ;2008/03
45256956V; BOTIN PEREZ ;ANTONIO MIGUEL;V;4-ago.-07;GÜIMAR;38570;70,00  ;2007/08
27455469R; BRITO PEREZ ;ANTONIO RAMON;V;6-oct.-07;SANTA CRUZ DE TENERIFE;38320;35,00  ;2007/10
79365740P; CABEZA PEREZ ;AQUILINA;M;17-feb.-08;LA LAGUNA;38004;35,00  ;2008/02
37541585L; CABRAL PEREZ ;ARIANNA;M;30-dic.-07;LA LAGUNA;38108;105,00  ;2007/12
76533364J; CABRAL PEREZ ;ARMANDO;V;6-jul.-07;SANTA CRUZ DE TENERIFE;38002;105,00  ;2007/07
96229552J; CABRERA PEREZ ;ARMINDA;M;19-nov.-07;GÜIMAR;38570;70,00  ;2007/11
90810168G; CABRERA PEREZ ;ARTEMI;M;24-ene.-07;SANTA CRUZ DE TENERIFE;38320;105,00  ;2007/01
13465281T; CABRERA PEREZ ;ARTENIS;V;21-mar.-07;LA LAGUNA;38004;70,00  ;2007/03
28075698N; CABRERA PEREZ ;ARTURO;V;19-nov.-07;LA LAGUNA;38108;35,00  ;2007/11
62463529Z; CABRERA PEREZ ;ARTURO;V;10-feb.-07;SANTA CRUZ DE TENERIFE;38002;70,00  ;2007/02
31311299L; CABRERA PEREZ ;ASARELA;M;17-feb.-07;GÜIMAR;38570;105,00  ;2007/02
46578095J; CABRERA PEREZ ;ASCENSION;M;8-feb.-08;LA LAGUNA;38004;70,00  ;2008/02
94420883H; CABRERA PEREZ ;ASCENSION;M;1-feb.-08;SANTA CRUZ DE TENERIFE;38320;35,00  ;2008/02
21493856B; CABRERA PEREZ ;ATTAGORA;M;16-jun.-07;LA LAGUNA;38108;35,00  ;2007/06
57687913A; CABRERA PEREZ ;AUDELINA;V;2-may.-07;CANDELARIA;38003;70,00  ;2007/05
27194959N; CAIROS PEREZ ;AUREA;M;26-abr.-08;GÜIMAR;38570;35,00  ;2008/04
72540229T; CAMEJO PEREZ ;AVELINO;V;21-jul.-07;SANTA CRUZ DE TENERIFE;38002;70,00  ;2007/07
81366199L; CAMEJO PEREZ ;AVELINO;V;4-abr.-07;SANTA CRUZ DE TENERIFE;38320;35,00  ;2007/04
80981399D; CAMPOS PEREZ ;AYATIMASQUAYA;M;30-nov.-07;GÜIMAR;38570;70,00  ;2007/11
42822285B; CAMPOS PEREZ ;AYOSE;V;28-jun.-07;SANTA CRUZ DE TENERIFE;38320;105,00  ;2007/06
92373320F; CANINO PEREZ ;AYOSE;V;22-abr.-08;LA LAGUNA;38004;35,00  ;2008/04
32599498B; CANO PEREZ ;BARBARA;M;18-ene.-07;LA LAGUNA;38108;70,00  ;2007/01
96336993K; CANO PEREZ ;BEATRIZ;M;22-mar.-07;CANDELARIA;38003;70,00  ;2007/03
48895304H; CAÑADAS PEREZ ;BEATRIZ;M;12-ene.-08;GÜIMAR;38570;105,00  ;2008/01
47432195P; CAPELLAN PEREZ ;BEATRIZ;M;30-oct.-07;SANTA CRUZ DE TENERIFE;38002;35,00  ;2007/10
79562469H; CAPOTE PEREZ ;BEATRIZ;M;30-ago.-07;GÜIMAR;38570;70,00  ;2007/08
91884949H; CAPOTE PEREZ ;BEATRIZ;M;9-sep.-07;SANTA CRUZ DE TENERIFE;38320;70,00  ;2007/09
44231603G; CARBALLO PEREZ ;BEATRIZ;M;1-jul.-07;LA LAGUNA;38004;105,00  ;2007/07
39517024B; CARBALLO PEREZ ;BEATRIZ;M;8-ene.-08;LA LAGUNA;38108;105,00  ;2008/01
32947557B; CARCES PEREZ ;BEATRIZ ISABEL;M;29-ago.-07;CANDELARIA;38003;35,00  ;2007/08
47344120T; CARDENAS PEREZ ;BEGOÑA;M;26-nov.-07;SANTA CRUZ DE TENERIFE;38002;105,00  ;2007/11
86028093C; CARDENAS PEREZ ;BELEN;M;1-may.-07;GÜIMAR;38570;105,00  ;2007/05
24843347N; CARLSSON PEREZ ;BELEN;M;18-ene.-08;SANTA CRUZ DE TENERIFE;38320;35,00  ;2008/01
20005783S; CARRO PEREZ ;BENITA;M;9-oct.-07;LA LAGUNA;38004;105,00  ;2007/10
35946418V; CASTILLA PEREZ ;BENITA ISABEL;M;14-mar.-08;LA LAGUNA;38108;105,00  ;2008/03
44348625W; CASTILLO PEREZ ;BENITO;V;7-oct.-07;SANTA CRUZ DE TENERIFE;38002;70,00  ;2007/10
89461782Q; CASTRO PEREZ ;BENITO;V;9-mar.-07;GÜIMAR;38570;70,00  ;2007/03
66585587N; CASTRO PEREZ ;BERNARDA;V;10-nov.-07;SANTA CRUZ DE TENERIFE;38320;70,00  ;2007/11
95578527A; CASTRO PEREZ ;BERTA;M;25-may.-07;LA LAGUNA;38004;35,00  ;2007/05
62731495F; CAZORLA PEREZ ;BLANCA ISABEL;M;14-abr.-08;SANTA CRUZ DE TENERIFE;38002;105,00  ;2008/04
92335016K; CEJAS PEREZ ;BLAS;V;16-abr.-07;GÜIMAR;38570;35,00  ;2007/04
32004427L; CHAVEZ PEREIRA ;BRENDA;M;6-nov.-07;LA LAGUNA;38108;70,00  ;2007/11
73590586Q; CHAVEZ PERERA ;BONIFACIO;V;16-jul.-07;LA LAGUNA;38004;35,00  ;2007/07
82214687Z; CHAVEZ PEREZ ;BLAS;V;4-feb.-07;SANTA CRUZ DE TENERIFE;38320;70,00  ;2007/02
96892890P; CHINEA PERDOMO ;BRUNO;V;13-feb.-07;CANDELARIA;38003;70,00  ;2007/02
78329997R; CHINEA PERDOMO ;C. MELANIA;M;23-nov.-07;GÜIMAR;38570;35,00  ;2007/11
92353494F; CLEMENTE PERDOMO ;CAMILO;V;2-ene.-08;SANTA CRUZ DE TENERIFE;38320;105,00  ;2008/01
14257876S; COELLO PERDOMO ;CANDELARIA;M;13-feb.-07;SANTA CRUZ DE TENERIFE;38001;105,00  ;2007/02
43237956A; CONCEPCION PERAZA ;CANDELARIA;V;21-feb.-08;SANTA CRUZ DE TENERIFE;38320;70,00  ;2008/02
36585438M; CONCEPCION PERDIGON ;CANDELARIA;M;15-ago.-07;GÜIMAR;38570;35,00  ;2007/08
47312348Z; CONCEPCION PERDOMO ;CANDELARIA;V;16-abr.-08;SANTA CRUZ DE TENERIFE;38002;70,00  ;2008/04
62230187F; CONZALEZ PEÑA ;CANDELARIA;M;15-ago.-07;LA LAGUNA;38004;70,00  ;2007/08
12175619V; CORDERO PAZ ;CANDELARIA;M;21-mar.-07;LA LAGUNA;38108;105,00  ;2007/03
42613959L; CRUZ PALOMO ;CANDIDA;M;7-may.-08;GÜIMAR;38570;70,00  ;2008/05
52081597Y; CRUZ PARIENTE ;CANDELARIA CANDIDA;M;27-jul.-07;SANTA CRUZ DE TENERIFE;38002;105,00  ;2007/07
78620088Q; CUBAS PAIS ;CANDIDA;M;2-ago.-07;SANTA CRUZ DE TENERIFE;38320;105,00  ;2007/08
47726264E; DAMAS PAGES ;CANELARIA;V;26-jul.-07;LA LAGUNA;38004;105,00  ;2007/07
96711491X; DARIAS PADRON ;CARLOS;V;26-mar.-08;CANDELARIA;38003;70,00  ;2008/03
62528208V; DARIAS PADRON ;CARLOS;V;5-feb.-08;GÜIMAR;38570;35,00  ;2008/02
62528208V; DARIAS PADRON ;CARLOS;V;21-nov.-07;GÜIMAR;38570;35,00  ;2007/11
24240438W; DARIAS PADRON ;CARLOS;V;27-sep.-07;SANTA CRUZ DE TENERIFE;38002;35,00  ;2007/09
86255344P; DARIAS PADRON ;CARLOS;V;8-mar.-08;SANTA CRUZ DE TENERIFE;38320;35,00  ;2008/03
20014737E; DARIAS PADRON ;CARMELO;V;6-feb.-07;LA LAGUNA;38004;35,00  ;2007/02
47350047Q; DARIAS PAEZ ;CARLOS;V;5-may.-08;LA LAGUNA;38108;35,00  ;2008/05
87205015D; DE ARVELO PADRON ;CARMEN;M;11-abr.-08;LA LAGUNA;38108;70,00  ;2008/04
16862743V; DE LEON PADILLA ;CARMEN;M;24-ago.-07;GÜIMAR;38570;105,00  ;2007/08
94903531B; DE LEON PADILLA ;CARMEN;M;29-may.-07;SANTA CRUZ DE TENERIFE;38002;35,00  ;2007/05
59661911A; DE LEON PADILLA ;CARMEN;M;5-oct.-07;SANTA CRUZ DE TENERIFE;38320;35,00  ;2007/10
15555656C; DE LEON PADRON ;CARMEN;M;27-nov.-07;CANDELARIA;38003;35,00  ;2007/11
29159070S; DEL CASTILLO PADILLA ;CARMEN;M;29-may.-07;GÜIMAR;38570;70,00  ;2007/05
19059575G; DEL CASTILLO PADILLA ;CARMEN;M;27-ago.-07;SANTA CRUZ DE TENERIFE;38320;70,00  ;2007/08
63994552L; DELGADO OLIVA ;CARMEN DOLORES;M;23-feb.-08;GÜIMAR;38570;105,00  ;2008/02
76335776H; DELGADO OLIVA ;CARMEN DOLORES;V;3-jul.-07;CANDELARIA;38003;70,00  ;2007/07
69832906F; DELGADO OLMO ;CARMEN DOLORES;V;30-ago.-07;LA LAGUNA;38108;105,00  ;2007/08
30565806W; DELGADO ORAMAS ;CARMEN D.;M;16-may.-07;SANTA CRUZ DE TENERIFE;38320;70,00  ;2007/05
22900138G; DELGADO ORAMAS ;CARMEN DELIA;M;25-dic.-07;LA LAGUNA;38004;105,00  ;2007/12
57827450E; DELGADO ORELLANA ;CARMEN BEATRIZ;M;26-sep.-07;GÜIMAR;38570;35,00  ;2007/09
19321325Z; DELGADO OTERO ;CARMEN;M;19-mar.-08;SANTA CRUZ DE TENERIFE;38002;105,00  ;2008/03
76140766W; DELGADO PACHECO ;CARMEN;V;19-jun.-07;LA LAGUNA;38108;105,00  ;2007/06
46216165B; DELGADO PADILLA ;CARMEN;M;17-feb.-07;LA LAGUNA;38004;105,00  ;2007/02
46216165B; DELGADO PADILLA ;CARMEN;M;19-mar.-07;LA LAGUNA;38004;35,00  ;2007/03
46216165B; DELGADO PADILLA ;CARMEN;M;11-feb.-08;LA LAGUNA;38004;70,00  ;2008/02
46216165B; DELGADO PADILLA ;CARMEN;M;27-may.-07;LA LAGUNA;38004;70,00  ;2007/05
46216165B; DELGADO PADILLA ;CARMEN;M;16-ene.-08;LA LAGUNA;38004;105,00  ;2008/01
46216165B; DELGADO PADILLA ;CARMEN;M;20-abr.-07;LA LAGUNA;38004;35,00  ;2007/04
46216165B; DELGADO PADILLA ;CARMEN;M;3-abr.-07;LA LAGUNA;38004;105,00  ;2007/04
46216165B; DELGADO PADILLA ;CARMEN;M;3-abr.-08;LA LAGUNA;38004;105,00  ;2008/04
54353164R; DELGADO PADILLA ;CARMEN;V;24-may.-07;LA LAGUNA;38004;105,00  ;2007/05
47118401A; DENIS OJEDA ;CARMEN DOLORES;M;10-abr.-08;SANTA CRUZ DE TENERIFE;38002;105,00  ;2008/04
85992429Y; DENIZ OCHOA ;CASANDRA;M;29-jul.-07;GÜIMAR;38570;70,00  ;2007/07
11566008K; DIAZ MORALES ;CONCEPCION ELENA;V;6-dic.-07;CANDELARIA;38003;105,00  ;2007/12
17560006N; DIAZ MORALES ;CONCEPCION;M;15-abr.-07;CANDELARIA;38003;70,00  ;2007/04
52969841J; DIAZ MORALES ;CONCEPCION;M;28-feb.-07;GÜIMAR;38570;35,00  ;2007/02
31142804E; DIAZ MORALES ;CONCEPCION;M;16-nov.-07;LA LAGUNA;38004;35,00  ;2007/11
62103896D; DIAZ MORALES ;CONCEPCION;M;11-mar.-07;LA LAGUNA;38108;70,00  ;2007/03
29872745T; DIAZ MORALES ;CONCEPCION;M;29-abr.-08;SANTA CRUZ DE TENERIFE;38002;105,00  ;2008/04
24167075D; DIAZ MORALES ;CONCEPCION;M;18-mar.-08;SANTA CRUZ DE TENERIFE;38320;105,00  ;2008/03
47802152X; DIAZ MORALES ;CONCEPCION;V;14-jun.-07;LA LAGUNA;38108;105,00  ;2007/06
47289170C; DIAZ MORALES ;CONRADO;V;20-ene.-07;SANTA CRUZ DE TENERIFE;38002;35,00  ;2007/01
54806564W; DIAZ MORENO ;CLAUDIO;M;10-mar.-07;GÜIMAR;38570;105,00  ;2007/03
84482971S; DIAZ MORENO ;CLAUDIO;V;7-sep.-07;SANTA CRUZ DE TENERIFE;38320;70,00  ;2007/09
75887758V; DIAZ MORENO ;CONCEPCION;M;24-sep.-07;LA LAGUNA;38004;105,00  ;2007/09
77942325V; DIAZ MORIN ;CLAUDIA ;M;2-abr.-07;SANTA CRUZ DE TENERIFE;38002;70,00  ;2007/04
76044354Y; DIAZ MORIN ;CLAUDIA;M;31-jul.-07;CANDELARIA;38003;70,00  ;2007/07
16509964N; DIAZ MOSEGUE ;CLAUDIA;M;18-abr.-07;LA LAGUNA;38108;70,00  ;2007/04
27786189G; DIAZ MUÑIZ ;CIPRIANA;V;2-oct.-07;LA LAGUNA;38004;105,00  ;2007/10
14202852F; DIAZ MUÑOZ ;CHRISTIAN;V;14-feb.-08;SANTA CRUZ DE TENERIFE;38320;70,00  ;2008/02
98466535Q; DIAZ NARANJO ;CHAXIRAXI;M;28-sep.-07;GÜIMAR;38570;70,00  ;2007/09
83708575Y; DIAZ NAVARRO ;CELESTINO;V;12-abr.-07;LA LAGUNA;38108;70,00  ;2007/04
16012309P; DIAZ NAVARRO ;CELIA MARIA;M;3-ago.-07;CANDELARIA;38003;70,00  ;2007/08
51745604C; DIAZ NAVARRO ;CELIA;M;7-oct.-07;SANTA CRUZ DE TENERIFE;38002;35,00  ;2007/10
34732833G; DIAZ NEGRIN ;CECILIO;V;3-jun.-07;GÜIMAR;38570;105,00  ;2007/06
83348387K; DIAZ NEGRIN ;CECILIO;V;1-may.-07;SANTA CRUZ DE TENERIFE;38002;105,00  ;2007/05
59060721X; DIAZ NEGRIN ;CECILIO;V;23-oct.-07;SANTA CRUZ DE TENERIFE;38320;105,00  ;2007/10
42556103P; DIAZ NEGRIN ;CEFERINO;V;19-ene.-08;LA LAGUNA;38004;70,00  ;2008/01
28778531B; DIAZ NIEBLA ;CECILIA MARIA;M;30-mar.-08;CANDELARIA;38003;105,00  ;2008/03
90675970B; DIAZ NODA ;CECILIA;M;19-dic.-07;LA LAGUNA;38108;35,00  ;2007/12
19056227Z; DIAZ NOENS ;CECILIA;M;26-ene.-07;LA LAGUNA;38004;105,00  ;2007/01
66081194D; DIAZ NUÑEZ ;CATHAIZA;M;26-jun.-07;SANTA CRUZ DE TENERIFE;38320;70,00  ;2007/06
29650695S; DIZ MORALES ;CONSOLACION;M;22-dic.-07;GÜIMAR;38570;35,00  ;2007/12
36893566W; DIZA MORALES ;CONSOLACION;M;7-mar.-08;SANTA CRUZ DE TENERIFE;38320;105,00  ;2008/03
56260152J; DOESTE MORALES ;CONSOLACION;M;8-may.-07;LA LAGUNA;38004;70,00  ;2007/05
93328810P; DOMINGUEZ MORA ;COSME DAMIAN;V;21-ago.-07;SANTA CRUZ DE TENERIFE;38320;35,00  ;2007/08
52388903D; DOMINGUEZ MORA ;CRISANTA;M;15-jul.-07;LA LAGUNA;38004;35,00  ;2007/07
14038035P; DOMINGUEZ MORA ;CRISTHIAN;V;16-sep.-07;LA LAGUNA;38108;105,00  ;2007/09
78077370Y; DOMINGUEZ MORA ;CRISTIAN;V;22-may.-07;CANDELARIA;38003;35,00  ;2007/05
75138964B; DOMINGUEZ MORALES ;CORAL;M;26-jul.-07;SANTA CRUZ DE TENERIFE;38002;70,00  ;2007/07
21085236D; DOMINGUEZ MORALES ;CORINA MARIA;M;22-feb.-07;GÜIMAR;38570;70,00  ;2007/02
57128435T; DONIS MORA ;CRISTIAN;V;25-ene.-07;SANTA CRUZ DE TENERIFE;38002;35,00  ;2007/01
75245431B; DORTA MOLINA ;CRISTINA;M;6-sep.-07;CANDELARIA;38003;105,00  ;2007/09
32514911H; DORTA MOLINA ;CRISTINA;M;22-jun.-07;GÜIMAR;38570;35,00  ;2007/06
94040248X; DORTA MOLINA ;CRISTINA;M;9-nov.-07;SANTA CRUZ DE TENERIFE;38002;70,00  ;2007/11
77309102F; DORTA MONTELONGO ;CRISTINA;M;5-oct.-07;LA LAGUNA;38004;35,00  ;2007/10
36183148P; DORTA MONTELONGO ;CRISTINA;M;23-feb.-07;LA LAGUNA;38108;70,00  ;2007/02
44555550L; DORTA MONTESINO ;CRISTINA;M;18-ago.-07;SANTA CRUZ DE TENERIFE;38320;35,00  ;2007/08
80324604W; DORTA MONTESINOS ;CRISTINA;M;31-oct.-07;GÜIMAR;38570;105,00  ;2007/10
35180953S; DUGARTE MOLINA ;CRISTINA;M;23-mar.-07;GÜIMAR;38570;105,00  ;2007/03
84828321C; ESCOBAR MIRANDA ;CRISTINA;V;20-abr.-08;SANTA CRUZ DE TENERIFE;38320;35,00  ;2008/04
43546659T; ESPINOLA MIRANDA ;CRISTO JONAY;V;7-feb.-07;LA LAGUNA;38004;70,00  ;2007/02
54070454F; ESTEVEN MIRANDA ;CRISTO JOSE;V;21-ene.-08;LA LAGUNA;38108;70,00  ;2008/01
62732577P; ESTEVEZ MESA ;CRISTO M.;V;21-abr.-08;CANDELARIA;38003;105,00  ;2008/04
63687568Q; ESTEVEZ MESA ;CRISTOBAL;V;14-abr.-07;SANTA CRUZ DE TENERIFE;38002;70,00  ;2007/04
51886993M; EVORA MESA ;CRISTOFER;V;8-feb.-07;GÜIMAR;38570;35,00  ;2007/02
85549143E; EXPOSITO MESA ;CTHAYSA;M;6-jul.-07;SANTA CRUZ DE TENERIFE;38320;70,00  ;2007/07
94567001V; EXPOSITO MESA ;DAMASO;V;3-abr.-08;LA LAGUNA;38004;70,00  ;2008/04
26160267K; EXPOSITO MESA ;DAMIAN VENANCIO;V;19-ago.-07;CANDELARIA;38003;70,00  ;2007/08
14674069T; EXPOSITO MESA ;DAMIAN;V;1-sep.-07;LA LAGUNA;38108;70,00  ;2007/09
61415929H; FARIÑA MENDOZA ;DANIEL;V;26-abr.-08;LA LAGUNA;38004;70,00  ;2008/04
36671415P; FARIÑA MENDOZA ;DANIEL;V;27-sep.-07;LA LAGUNA;38108;35,00  ;2007/09
17293751M; FARIÑA MENDOZA ;DANIEL;V;18-abr.-08;SANTA CRUZ DE TENERIFE;38320;105,00  ;2008/04
69504480K; FARIÑA MENESES ;DANIEL;V;25-ene.-08;GÜIMAR;38570;35,00  ;2008/01
56563724P; FARIÑA MESA ;DANIEL;V;2-ene.-08;SANTA CRUZ DE TENERIFE;38002;105,00  ;2008/01
51458767Q; FEBLES MENDEZ ;DANIEL;V;15-feb.-08;SANTA CRUZ DE TENERIFE;38002;70,00  ;2008/02
31560093E; FELIPE MENDEZ ;DANIELA ALEJANDRA;M;23-jun.-07;SANTA CRUZ DE TENERIFE;38320;105,00  ;2007/06
32244202L; FELIPE MENDEZ ;DANIELA;V;23-dic.-07;GÜIMAR;38570;70,00  ;2007/12
85449900R; FELIPE MENDEZ ;DAVID;V;7-sep.-07;LA LAGUNA;38004;70,00  ;2007/09
61986842W; FERNANDEZ MELIAN ;DAVID;V;21-may.-07;CANDELARIA;38003;35,00  ;2007/05
52381491A; FERNANDEZ MELIAN ;DAVID;V;29-ene.-08;GÜIMAR;38570;105,00  ;2008/01
59716085N; FERNANDEZ MELIAN ;DAVID;V;27-feb.-08;LA LAGUNA;38004;105,00  ;2008/02
34297243B; FERNANDEZ MELIAN ;DAVID;V;7-may.-07;LA LAGUNA;38108;70,00  ;2007/05
66492641D; FERNANDEZ MELIAN ;DAVID;V;15-dic.-07;SANTA CRUZ DE TENERIFE;38002;70,00  ;2007/12
95624914E; FERNANDEZ MELIAN ;DAVID;V;1-oct.-07;SANTA CRUZ DE TENERIFE;38320;70,00  ;2007/10
44519021Z; FERNANDEZ MELO ;DAVID;V;8-feb.-08;GÜIMAR;38570;105,00  ;2008/02
31799450H; FERNANDEZ MELO ;DAVID;V;9-abr.-07;SANTA CRUZ DE TENERIFE;38002;105,00  ;2007/04
26865403T; FERNANDEZ MENDEZ ;DAVID;V;3-mar.-07;CANDELARIA;38003;35,00  ;2007/03
67304161C; FERNANDEZ MENDEZ ;DAVID;V;2-jun.-07;LA LAGUNA;38108;35,00  ;2007/06
66963338B; FIGUEROA MELIAN ;DAVID;V;16-ene.-08;SANTA CRUZ DE TENERIFE;38320;35,00  ;2008/01
37754559J; FRANCO MELIAN ;DAVID;V;25-mar.-07;LA LAGUNA;38004;70,00  ;2007/03
54114141V; FUENTE MEJIAS ;DAVILA;V;16-feb.-07;LA LAGUNA;38108;35,00  ;2007/02
40189759L; FUENTES MEDINA ;DAVINIA;M;16-sep.-07;GÜIMAR;38570;35,00  ;2007/09
86315581P; FUENTES MEDINA ;DAVINIA;M;10-feb.-08;SANTA CRUZ DE TENERIFE;38002;70,00  ;2008/02
74472360Q; FUMERO MATUTE ;DOLORES;M;7-oct.-07;GÜIMAR;38570;105,00  ;2007/10
40431202P; FUMERO MEDEROS ;DIANA;M;20-jun.-07;SANTA CRUZ DE TENERIFE;38320;70,00  ;2007/06
75713531S; FUMERO MEDEROS ;DIONISIO;V;6-ago.-07;SANTA CRUZ DE TENERIFE;38002;70,00  ;2007/08
10555022T; FUMERO MEDINA ;DAYANA;M;11-feb.-07;SANTA CRUZ DE TENERIFE;38320;35,00  ;2007/02
36453880F; FUMERO MEDINA ;DEBIBAI;V;20-dic.-07;LA LAGUNA;38004;70,00  ;2007/12
32127333J; FUMERO MEDINA ;DELIOMA;M;19-sep.-07;LA LAGUNA;38108;70,00  ;2007/09
43426716W; FUMERO MEDINA ;DESIREE;M;6-dic.-07;CANDELARIA;38003;105,00  ;2007/12
48789023C; FUMERO MEDINA ;DESIREE;V;12-jul.-07;GÜIMAR;38570;35,00  ;2007/07
78526507E; GALVAN MATOS ;DOMINGA;M;11-mar.-08;SANTA CRUZ DE TENERIFE;38320;35,00  ;2008/03
75518644F; GANDIA MATEO ;DOMINGO;V;9-mar.-07;LA LAGUNA;38004;70,00  ;2007/03
16926976B; GARCES MARTINEZ ;DOMINGO;V;4-mar.-07;LA LAGUNA;38108;70,00  ;2007/03
90589469J; GARCIA MARRERO ;EULOGIO DE LOS REYES;V;10-ene.-08;LA LAGUNA;38108;70,00  ;2008/01
27793990P; GARCIA MARSELLA ;ESTHER MERCEDES;M;6-may.-08;SANTA CRUZ DE TENERIFE;38320;35,00  ;2008/05
72096821D; GARCIA MARSELLA ;EUDELIA;M;27-dic.-07;LA LAGUNA;38004;70,00  ;2007/12
72401269Y; GARCIA MARTEL ;ESTHER;M;28-may.-07;GÜIMAR;38570;35,00  ;2007/05
58398639Y; GARCIA MARTIN ;DONATO;V;22-feb.-08;SANTA CRUZ DE TENERIFE;38320;105,00  ;2008/02
17466829P; GARCIA MARTIN ;DUGLAS;V;8-jun.-07;LA LAGUNA;38004;105,00  ;2007/06
21860880R; GARCIA MARTIN ;EDITA;M;4-feb.-07;LA LAGUNA;38108;35,00  ;2007/02
85608496N; GARCIA MARTIN ;EDUARDO ALEXIS;V;29-ene.-08;CANDELARIA;38003;35,00  ;2008/01
43538309E; GARCIA MARTIN ;EDUARDO;M;12-dic.-07;SANTA CRUZ DE TENERIFE;38002;105,00  ;2007/12
15418160H; GARCIA MARTIN ;EDUARDO;V;3-mar.-07;GÜIMAR;38570;105,00  ;2007/03
96248536E; GARCIA MARTIN ;EDUARDO;V;13-abr.-08;LA LAGUNA;38004;70,00  ;2008/04
30349085X; GARCIA MARTIN ;EDUARDO;V;18-abr.-07;LA LAGUNA;38108;70,00  ;2007/04
11717346L; GARCIA MARTIN ;EDUARDO;V;30-abr.-07;SANTA CRUZ DE TENERIFE;38320;70,00  ;2007/04
86520119F; GARCIA MARTIN ;EDUVIGIS;M;19-sep.-07;GÜIMAR;38570;105,00  ;2007/09
88483540X; GARCIA MARTIN ;ELENA;M;17-feb.-07;GÜIMAR;38570;70,00  ;2007/02
48049915V; GARCIA MARTIN ;ELENA;M;14-feb.-07;LA LAGUNA;38004;70,00  ;2007/02
16634835Q; GARCIA MARTIN ;ELENA;M;10-ago.-07;LA LAGUNA;38108;70,00  ;2007/08
55311252R; GARCIA MARTIN ;ELENA;M;1-oct.-07;SANTA CRUZ DE TENERIFE;38002;35,00  ;2007/10
15079533C; GARCIA MARTIN ;ELENA;M;3-feb.-07;SANTA CRUZ DE TENERIFE;38320;35,00  ;2007/02
72860322W; GARCIA MARTIN ;ELIEZER;M;22-dic.-07;SANTA CRUZ DE TENERIFE;38002;35,00  ;2007/12
61969183F; GARCIA MARTIN ;ELISA ISABEL;M;25-jun.-07;GÜIMAR;38570;105,00  ;2007/06
50854486Z; GARCIA MARTIN ;ELISABETH;M;14-abr.-07;LA LAGUNA;38004;70,00  ;2007/04
45503423Q; GARCIA MARTIN ;ELISA;M;24-oct.-07;SANTA CRUZ DE TENERIFE;38320;105,00  ;2007/10
64302429H; GARCIA MARTIN ;ELIZABETH;M;14-feb.-07;LA LAGUNA;38108;35,00  ;2007/02
94522787D; GARCIA MARTIN ;ELIZABETH;V;13-mar.-08;CANDELARIA;38003;70,00  ;2008/03
65088528T; GARCIA MARTIN ;ELOY;V;14-abr.-08;GÜIMAR;38570;70,00  ;2008/04
93596374J; GARCIA MARTIN ;ELVIRA;M;16-dic.-07;GÜIMAR;38570;105,00  ;2007/12
30472978W; GARCIA MARTIN ;ELVIRA;M;29-mar.-08;SANTA CRUZ DE TENERIFE;38320;70,00  ;2008/03
12291917G; GARCIA MARTIN ;ELVIRA;V;21-mar.-08;SANTA CRUZ DE TENERIFE;38002;105,00  ;2008/03
22486111T; GARCIA MARTIN ;EMERITA;M;25-abr.-08;LA LAGUNA;38004;105,00  ;2008/04
93757575F; GARCIA MARTIN ;EMILIA;V;19-feb.-08;LA LAGUNA;38108;105,00  ;2008/02
57627687Z; GARCIA MARTIN ;ENCARNACION;M;16-ago.-07;CANDELARIA;38003;35,00  ;2007/08
93579470Z; GARCIA MARTIN ;ENRIQUE;V;14-may.-08;GÜIMAR;38570;70,00  ;2008/05
89972326Y; GARCIA MARTIN ;ERICK;V;23-jul.-07;SANTA CRUZ DE TENERIFE;38320;35,00  ;2007/07
63705131F; GARCIA MARTIN ;ERNESTINA;M;17-nov.-07;SANTA CRUZ DE TENERIFE;38002;35,00  ;2007/11
91240536L; GARCIA MARTIN ;ERNESTO;V;30-abr.-08;GÜIMAR;38570;35,00  ;2008/04
63444313D; GARCIA MARTIN ;ESMERALDA TAMARA;M;20-jul.-07;SANTA CRUZ DE TENERIFE;38320;35,00  ;2007/07
38348072B; GARCIA MARTIN ;ESPERANZA;V;21-sep.-07;LA LAGUNA;38004;35,00  ;2007/09
10626934Z; GARCIA MARTIN ;ESTEBAN;V;4-ago.-07;LA LAGUNA;38108;70,00  ;2007/08
93681779L; GARCIA MARTIN ;ESTER;M;5-abr.-07;CANDELARIA;38003;35,00  ;2007/04
49901308W; GARCIA MARTIN ;ESTHER;M;19-ene.-07;SANTA CRUZ DE TENERIFE;38002;105,00  ;2007/01
88963804B; GARCIA MARTINEZ ;DOMINGO ELIAS;V;12-abr.-07;SANTA CRUZ DE TENERIFE;38002;105,00  ;2007/04
35650076F; GARCIA MARTINEZ ;DOMINGO ISIDORO;V;6-ago.-07;GÜIMAR;38570;35,00  ;2007/08
57131770T; GARCIA MARTINEZ ;DOMINGO;V;10-jun.-07;CANDELARIA;38003;105,00  ;2007/06
90934178K; GASPAR MARRERO ;EUTINIO;V;28-abr.-08;CANDELARIA;38003;105,00  ;2008/04
82587610S; GIL MARRERO ;EVA;M;29-jun.-07;GÜIMAR;38570;70,00  ;2007/06
64410879T; GIL MARRERO ;EVA;M;15-feb.-08;LA LAGUNA;38004;105,00  ;2008/02
80588154H; GIL MARRERO ;EVA;M;1-ene.-08;SANTA CRUZ DE TENERIFE;38002;35,00  ;2008/01
24423745E; GIL MARRERO ;EVA;M;27-feb.-08;SANTA CRUZ DE TENERIFE;38320;70,00  ;2008/02
15650947E; GOMEZ MARRERO ;EVA ANNA;M;8-ago.-07;SANTA CRUZ DE TENERIFE;38002;105,00  ;2007/08
52674314J; GOMEZ MARRERO ;EVA ESTHER;M;3-sep.-07;GÜIMAR;38570;35,00  ;2007/09
49524946N; GOMEZ MARRERO ;EVA MARIA;M;23-dic.-07;SANTA CRUZ DE TENERIFE;38320;105,00  ;2007/12
59914881L; GOMEZ MARRERO ;FABIAN;V;1-abr.-07;LA LAGUNA;38108;105,00  ;2007/04
35344250N; GOMEZ MARRERO ;JUDITH;M;18-feb.-07;LA LAGUNA;38004;105,00  ;2007/02
42922578R; GONZALEZ JORGE ;HORACIO FRANCISCO;V;4-oct.-07;CANDELARIA;38003;70,00  ;2007/10
40311284N; GONZALEZ JOSEPH ;HIURNA;V;31-dic.-07;LA LAGUNA;38108;35,00  ;2007/12
29440801L; GONZALEZ JULIA ;HERMINIA;M;3-jul.-07;LA LAGUNA;38004;70,00  ;2007/07
44256434H; GONZALEZ LABRADOR ;HELIODORA;M;4-jun.-07;SANTA CRUZ DE TENERIFE;38320;105,00  ;2007/06
49411040W; GONZALEZ LACHIN ;HECTOR;V;10-may.-07;GÜIMAR;38570;70,00  ;2007/05
72906009B; GONZALEZ LECHADO ;HECTOR;V;14-feb.-08;SANTA CRUZ DE TENERIFE;38002;70,00  ;2008/02
56540178Z; GONZALEZ LEDESMA ;HARIDIAN;V;2-sep.-07;LA LAGUNA;38004;70,00  ;2007/09
13768821D; GONZALEZ LEDESMA ;HECTOR;V;13-sep.-07;CANDELARIA;38003;35,00  ;2007/09
96337663R; GONZALEZ LEDESMA ;HECTOR;V;12-oct.-07;LA LAGUNA;38108;105,00  ;2007/10
34745627X; GONZALEZ LEGAZ ;GUSTAVO;V;9-mar.-07;SANTA CRUZ DE TENERIFE;38320;35,00  ;2007/03
87729129E; GONZALEZ LEON ;GUAYARMINA;M;8-mar.-07;SANTA CRUZ DE TENERIFE;38002;70,00  ;2007/03
86627748L; GONZALEZ LEON ;GUILLERMO;V;1-oct.-07;GÜIMAR;38570;105,00  ;2007/10
77078585L; GONZALEZ LEVIA ;GREGORIO;V;23-feb.-08;SANTA CRUZ DE TENERIFE;38320;35,00  ;2008/02
68481402Y; GONZALEZ LIMA ;GREGORIO;V;19-oct.-07;GÜIMAR;38570;35,00  ;2007/10
47733242P; GONZALEZ LINARES ;GRACIELA;M;28-ene.-08;LA LAGUNA;38004;35,00  ;2008/01
43327369S; GONZALEZ LINARES ;GREGORIA;M;23-abr.-08;LA LAGUNA;38108;35,00  ;2008/04
59537040E; GONZALEZ LINARES ;GREGORIO;M;16-nov.-07;CANDELARIA;38003;105,00  ;2007/11
72158595M; GONZALEZ LLANEZA ;GONZALEZ FUMERO;M;12-may.-08;SANTA CRUZ DE TENERIFE;38320;105,00  ;2008/05
85134242H; GONZALEZ LLARENA ;GLADYS;M;6-nov.-07;SANTA CRUZ DE TENERIFE;38002;35,00  ;2007/11
54040635L; GONZALEZ LLARENA ;GLORIA;M;9-may.-08;GÜIMAR;38570;35,00  ;2008/05
67113962P; GONZALEZ LOPEZ ;FRANCISCO BORJA;V;14-may.-07;GÜIMAR;38570;70,00  ;2007/05
74819037Z; GONZALEZ LOPEZ ;FRANCISCO CELSO;V;15-jul.-07;SANTA CRUZ DE TENERIFE;38320;105,00  ;2007/07
10019002H; GONZALEZ LOPEZ ;FRANCISCO JAVIER;V;13-may.-07;CANDELARIA;38003;105,00  ;2007/05
49451378K; GONZALEZ LOPEZ ;FRANCISCO JAVIER;V;3-feb.-08;GÜIMAR;38570;35,00  ;2008/02
36373115H; GONZALEZ LOPEZ ;FRANCISCO JAVIER;V;16-feb.-07;LA LAGUNA;38108;70,00  ;2007/02
69190510R; GONZALEZ LOPEZ ;FRANCISCO J;V;21-feb.-07;LA LAGUNA;38004;70,00  ;2007/02
59040199G; GONZALEZ LOPEZ ;FRANCISCO SILVINO;V;25-ago.-07;SANTA CRUZ DE TENERIFE;38002;105,00  ;2007/08
29537795E; GONZALEZ LOPEZ ;FRANCISCO;V;22-abr.-07;SANTA CRUZ DE TENERIFE;38002;105,00  ;2007/04
61284942Q; GONZALEZ LOPEZ ;G. ESTHER;M;29-may.-07;GÜIMAR;38570;35,00  ;2007/05
24838967W; GONZALEZ LOPEZ ;GABRIELA JOSEFA;M;24-sep.-07;LA LAGUNA;38004;105,00  ;2007/09
13230505P; GONZALEZ LOPEZ ;GABRIEL;V;7-abr.-07;SANTA CRUZ DE TENERIFE;38320;105,00  ;2007/04
52469361J; GONZALEZ LOPEZ ;GENARA;M;22-feb.-07;SANTA CRUZ DE TENERIFE;38002;35,00  ;2007/02
16522657D; GONZALEZ LOPEZ ;GENARA;V;30-may.-07;GÜIMAR;38570;35,00  ;2007/05
29782809V; GONZALEZ LOPEZ ;GENARO;V;26-ene.-08;SANTA CRUZ DE TENERIFE;38320;105,00  ;2008/01
21533389F; GONZALEZ LOPEZ ;GERMANA PILAR;V;20-sep.-07;LA LAGUNA;38108;70,00  ;2007/09
11768429L; GONZALEZ LOPEZ ;GERMAN;V;29-jun.-07;LA LAGUNA;38004;70,00  ;2007/06
14365285Z; GONZALEZ LOPEZ ;GISELA;M;3-oct.-07;CANDELARIA;38003;70,00  ;2007/10
71144089Y; GONZALEZ LORENZO ;FRANCISCO;V;21-ene.-07;CANDELARIA;38003;70,00  ;2007/01
29072122F; GONZALEZ LORENZO ;FRANCISCO;V;31-mar.-07;LA LAGUNA;38004;70,00  ;2007/03
70364732G; GONZALEZ LORENZO ;FRANCISCO;V;26-sep.-07;LA LAGUNA;38108;70,00  ;2007/09
23205437R; GONZALEZ LUGO ;FRANCISCO;V;14-nov.-07;GÜIMAR;38570;70,00  ;2007/11
88271764H; GONZALEZ LUGO ;FRANCISCO;V;5-jul.-07;SANTA CRUZ DE TENERIFE;38320;105,00  ;2007/07
14120911S; GONZALEZ LUIS ;FLORINDA MARIA;M;31-mar.-08;GÜIMAR;38570;105,00  ;2008/03
41607944R; GONZALEZ LUIS ;FLORINDA;M;22-sep.-07;SANTA CRUZ DE TENERIFE;38002;105,00  ;2007/09
21661543M; GONZALEZ LUIS ;FRANCISCA;M;13-may.-08;LA LAGUNA;38004;70,00  ;2008/05
28431344D; GONZALEZ LUIS ;FRANCISCA;M;5-abr.-08;LA LAGUNA;38108;70,00  ;2008/04
26597304N; GONZALEZ LUIS ;FRANCISCA;M;8-oct.-07;SANTA CRUZ DE TENERIFE;38320;70,00  ;2007/10
32479585C; GONZALEZ LUIS ;FRANCISCO;V;5-sep.-07;CANDELARIA;38003;35,00  ;2007/09
66787563W; GONZALEZ LUIS ;FRANCISCO;V;4-abr.-08;SANTA CRUZ DE TENERIFE;38002;70,00  ;2008/04
72602620S; GONZALEZ LUNA ;FERNANDO;V;21-nov.-07;CANDELARIA;38003;105,00  ;2007/11
85833064P; GONZALEZ LUZ ;FERNANDO;V;8-feb.-08;LA LAGUNA;38108;105,00  ;2008/02
82548448E; GONZALEZ MACARENA ;FERNANDO;V;14-ene.-08;LA LAGUNA;38004;35,00  ;2008/01
29238369X; GONZALEZ MACHADO ;FELIX DAVID;M;21-oct.-07;SANTA CRUZ DE TENERIFE;38320;105,00  ;2007/10
50073280A; GONZALEZ MACHDO ;FELIX;V;22-feb.-07;GÜIMAR;38570;70,00  ;2007/02
75022671Y; GONZALEZ MADAN ;FELICIANO JOAQUIN;V;9-may.-08;SANTA CRUZ DE TENERIFE;38002;70,00  ;2008/05
95552342S; GONZALEZ MAGDALENO ;FELICIANO;V;4-ago.-07;CANDELARIA;38003;105,00  ;2007/08
73120480F; GONZALEZ MALDONADO ;FEDERICO;V;21-jul.-07;LA LAGUNA;38004;70,00  ;2007/07
11570754Y; GONZALEZ MALDONADO ;FELICIA;M;7-oct.-07;LA LAGUNA;38108;105,00  ;2007/10
56490183K; GONZALEZ MANZANO ;FEDERICO;V;31-may.-07;SANTA CRUZ DE TENERIFE;38320;105,00  ;2007/05
78434482C; GONZALEZ MARICHAL ;FABIOLA;M;18-ago.-07;GÜIMAR;38570;35,00  ;2007/08
81541893Q; GONZALEZ MARICHAL ;FATIMA CANDELARIA;M;8-dic.-07;SANTA CRUZ DE TENERIFE;38002;70,00  ;2007/12
92060232H; GONZALEZ MARICHAL ;FEDERICO;M;2-nov.-07;GÜIMAR;38570;105,00  ;2007/11
26051280P; GONZALEZ MARQUEZ ;FABIOLA;M;4-ene.-08;CANDELARIA;38003;105,00  ;2008/01
81459770A; GONZALVEZ JORGE ;IDAFE;M;29-jun.-07;GÜIMAR;38570;70,00  ;2007/06
15032428L; GORRIZ JORGE ;IDAIRA;M;7-oct.-07;SANTA CRUZ DE TENERIFE;38002;70,00  ;2007/10
60457904N; GOYA JORGE ;IGNACIO;V;2-oct.-07;GÜIMAR;38570;70,00  ;2007/10
79966189L; GOYA JORGE ;IGNACIO;V;16-feb.-07;SANTA CRUZ DE TENERIFE;38320;105,00  ;2007/02
70017677L; GUANCHE JIMENEZ ;INES;M;22-may.-07;CANDELARIA;38003;70,00  ;2007/05
20652116W; GUANCHE JIMENEZ ;INES;M;2-mar.-07;LA LAGUNA;38108;105,00  ;2007/03
73319401R; GUANCHE JORDAN ;IMELDA;M;29-ene.-08;LA LAGUNA;38004;35,00  ;2008/01
11978021N; GUERRA JENOVEZ ;INMACULADA;M;3-mar.-07;SANTA CRUZ DE TENERIFE;38320;70,00  ;2007/03
49799233R; GUERRA JEREZ ;INES;M;8-abr.-07;GÜIMAR;38570;35,00  ;2007/04
26731183P; GUILLEN JAUBERT ;INMACULADA;M;15-feb.-07;SANTA CRUZ DE TENERIFE;38002;70,00  ;2007/02
62933616G; GUTIERREZ ISAC ;IRIS;M;15-oct.-07;CANDELARIA;38003;105,00  ;2007/10
20706059X; GUTIERREZ IZQUIERDO ;INMACULADA C.;M;21-jun.-07;SANTA CRUZ DE TENERIFE;38320;70,00  ;2007/06
23576477M; GUTIERREZ IZQUIERDO ;IRENE;M;21-abr.-07;LA LAGUNA;38004;35,00  ;2007/04
79745771X; GUTIERREZ IZQUIERDO ;IRENE;V;1-may.-08;LA LAGUNA;38108;35,00  ;2008/05
73954614T; GUTIERREZ JANVIER ;INMACULADA;M;20-sep.-07;GÜIMAR;38570;105,00  ;2007/09
43471100L; HABAS INFANTES ;ISAAC;V;26-jul.-07;GÜIMAR;38570;105,00  ;2007/07
46227747R; HENF HUERTA ;ISAAC;V;29-jun.-07;SANTA CRUZ DE TENERIFE;38002;70,00  ;2007/06
63646001X; HENRIQUEZ HERRERO ;ISABEL;M;25-feb.-07;GÜIMAR;38570;105,00  ;2007/02
16881558H; HERANDEZ HERRERO ;ISABEL;V;20-oct.-07;SANTA CRUZ DE TENERIFE;38320;70,00  ;2007/10
38497409D; HERNANDE HERRERA ;ISABEL;M;8-ene.-08;LA LAGUNA;38004;35,00  ;2008/01
83716414W; HERNANDEZ GUTIERREZ ;JOSE ANTONIO;V;10-feb.-08;GÜIMAR;38570;70,00  ;2008/02
49907319X; HERNANDEZ GUTIERREZ ;JOSE ANTONIO;V;17-jun.-07;SANTA CRUZ DE TENERIFE;38320;105,00  ;2007/06
28105907E; HERNANDEZ GUTIERREZ ;JOSE C.;V;23-ene.-08;GÜIMAR;38570;35,00  ;2008/01
92333648X; HERNANDEZ GUTIERREZ ;JOSE C.;V;2-may.-07;SANTA CRUZ DE TENERIFE;38002;105,00  ;2007/05
59590316F; HERNANDEZ HENRIQUEZ ;JOSE  MANUEL;V;17-abr.-08;LA LAGUNA;38108;35,00  ;2008/04
43541503L; HERNANDEZ HENRIQUEZ ;JOSE AGUSTIN;V;9-ago.-07;CANDELARIA;38003;70,00  ;2007/08
47400321N; HERNANDEZ HERNANDEZ ;IVAN SAMUEL;V;30-may.-07;SANTA CRUZ DE TENERIFE;38002;70,00  ;2007/05
76622685W; HERNANDEZ HERNANDEZ ;IVAN;V;2-sep.-07;CANDELARIA;38003;70,00  ;2007/09
50650850C; HERNANDEZ HERNANDEZ ;IVAN;V;26-ago.-07;LA LAGUNA;38004;35,00  ;2007/08
66046806Y; HERNANDEZ HERNANDEZ ;IVAN;V;6-mar.-08;LA LAGUNA;38108;35,00  ;2008/03
70477297F; HERNANDEZ HERNANDEZ ;J. CRISTOBAL;V;30-oct.-07;GÜIMAR;38570;105,00  ;2007/10
43294930Y; HERNANDEZ HERNANDEZ ;J. HILARIO;V;8-feb.-07;SANTA CRUZ DE TENERIFE;38320;35,00  ;2007/02
88963090X; HERNANDEZ HERNANDEZ ;J.LUIS;V;2-abr.-08;LA LAGUNA;38004;70,00  ;2008/04
23715821S; HERNANDEZ HERNANDEZ ;JACINTO;V;29-ago.-07;LA LAGUNA;38108;70,00  ;2007/08
63903772C; HERNANDEZ HERNANDEZ ;JAIME;V;10-may.-07;CANDELARIA;38003;105,00  ;2007/05
47230757G; HERNANDEZ HERNANDEZ ;JAIRO;V;8-abr.-08;GÜIMAR;38570;35,00  ;2008/04
23450368M; HERNANDEZ HERNANDEZ ;JAMILA;M;2-may.-07;SANTA CRUZ DE TENERIFE;38002;70,00  ;2007/05
29859723L; HERNANDEZ HERNANDEZ ;JANETT;V;27-ene.-07;SANTA CRUZ DE TENERIFE;38320;105,00  ;2007/01
93062772B; HERNANDEZ HERNANDEZ ;JANET;V;21-sep.-07;GÜIMAR;38570;70,00  ;2007/09
61524087F; HERNANDEZ HERNANDEZ ;JAQUELINE;M;22-jul.-07;LA LAGUNA;38004;105,00  ;2007/07
60430486X; HERNANDEZ HERNANDEZ ;JASMINA;V;7-may.-07;SANTA CRUZ DE TENERIFE;38002;35,00  ;2007/05
71250612Q; HERNANDEZ HERNANDEZ ;JAVIER PASCUAL;V;18-abr.-07;GÜIMAR;38570;70,00  ;2007/04
92293925P; HERNANDEZ HERNANDEZ ;JAVIER;V;10-may.-08;CANDELARIA;38003;105,00  ;2008/05
48554868M; HERNANDEZ HERNANDEZ ;JAVIER;V;23-oct.-07;GÜIMAR;38570;105,00  ;2007/10
88847138R; HERNANDEZ HERNANDEZ ;JAVIER;V;14-sep.-07;LA LAGUNA;38004;35,00  ;2007/09
68040576K; HERNANDEZ HERNANDEZ ;JAVIER;V;25-feb.-08;LA LAGUNA;38108;105,00  ;2008/02
22178865B; HERNANDEZ HERNANDEZ ;JAVIER;V;12-dic.-07;SANTA CRUZ DE TENERIFE;38002;70,00  ;2007/12
77783044B; HERNANDEZ HERNANDEZ ;JAVIER;V;20-jun.-07;SANTA CRUZ DE TENERIFE;38320;105,00  ;2007/06
10399799G; HERNANDEZ HERNANDEZ ;JAZMINA;M;21-sep.-07;SANTA CRUZ DE TENERIFE;38320;70,00  ;2007/09
85722143Q; HERNANDEZ HERNANDEZ ;JENIFER;V;9-mar.-08;LA LAGUNA;38004;35,00  ;2008/03
44494103M; HERNANDEZ HERNANDEZ ;JENNIFER;M;26-oct.-07;LA LAGUNA;38108;105,00  ;2007/10
54526388N; HERNANDEZ HERNANDEZ ;JESICA;M;10-jul.-07;CANDELARIA;38003;35,00  ;2007/07
70140840V; HERNANDEZ HERNANDEZ ;JESSICA;M;17-abr.-07;GÜIMAR;38570;70,00  ;2007/04
72159050T; HERNANDEZ HERNANDEZ ;JESUS FELIPE;V;10-jun.-07;SANTA CRUZ DE TENERIFE;38320;105,00  ;2007/06
84604734Q; HERNANDEZ HERNANDEZ ;JESUS IGNACIO;V;13-abr.-08;LA LAGUNA;38004;70,00  ;2008/04
52649109Q; HERNANDEZ HERNANDEZ ;JESUS MANUEL;V;28-mar.-07;LA LAGUNA;38108;35,00  ;2007/03
92025585D; HERNANDEZ HERNANDEZ ;JESUS RONALDO;V;17-dic.-07;CANDELARIA;38003;70,00  ;2007/12
38603444Z; HERNANDEZ HERNANDEZ ;JESUS;M;21-ene.-08;GÜIMAR;38570;105,00  ;2008/01
14098632T; HERNANDEZ HERNANDEZ ;JESUS;V;12-abr.-08;GÜIMAR;38570;70,00  ;2008/04
75480193N; HERNANDEZ HERNANDEZ ;JESUS;V;25-dic.-07;SANTA CRUZ DE TENERIFE;38002;70,00  ;2007/12
12185082G; HERNANDEZ HERNANDEZ ;JESUS;V;7-dic.-07;SANTA CRUZ DE TENERIFE;38320;35,00  ;2007/12
12185082G; HERNANDEZ HERNANDEZ ;JESUS;V;2-abr.-08;SANTA CRUZ DE TENERIFE;38320;35,00  ;2008/04
97836391A; HERNANDEZ HERNANDEZ ;JOANA;M;22-jul.-07;SANTA CRUZ DE TENERIFE;38002;70,00  ;2007/07
72668436M; HERNANDEZ HERNANDEZ ;JOANIS;V;11-abr.-07;GÜIMAR;38570;105,00  ;2007/04
93492352C; HERNANDEZ HERNANDEZ ;JOEL;V;9-feb.-07;SANTA CRUZ DE TENERIFE;38320;105,00  ;2007/02
22471358J; HERNANDEZ HERNANDEZ ;JOHAN M;V;5-ago.-07;LA LAGUNA;38004;70,00  ;2007/08
83919664R; HERNANDEZ HERNANDEZ ;JONAS;V;12-ago.-07;LA LAGUNA;38108;105,00  ;2007/08
49258753K; HERNANDEZ HERNANDEZ ;JONATAN;V;15-oct.-07;CANDELARIA;38003;105,00  ;2007/10
84641892Y; HERNANDEZ HERNANDEZ ;JONAY;V;10-sep.-07;GÜIMAR;38570;35,00  ;2007/09
84641892Y; HERNANDEZ HERNANDEZ ;JONAY;V;24-abr.-07;GÜIMAR;38570;35,00  ;2007/04
89258325V; HERNANDEZ HERNANDEZ ;JONAY;V;5-abr.-08;LA LAGUNA;38004;35,00  ;2008/04
33435002V; HERNANDEZ HERNANDEZ ;JONAY;V;18-jun.-07;SANTA CRUZ DE TENERIFE;38002;70,00  ;2007/06
72055053D; HERNANDEZ HERNANDEZ ;JONAY;V;19-nov.-07;SANTA CRUZ DE TENERIFE;38320;35,00  ;2007/11
34849053M; HERNANDEZ HERNANDEZ ;JORGE CAMILO;V;1-ene.-08;SANTA CRUZ DE TENERIFE;38320;70,00  ;2008/01
95864201V; HERNANDEZ HERNANDEZ ;JORGE LUIS;V;6-oct.-07;LA LAGUNA;38004;35,00  ;2007/10
45740301V; HERNANDEZ HERNANDEZ ;JORGE LUIS;V;8-dic.-07;LA LAGUNA;38108;105,00  ;2007/12
93213061H; HERNANDEZ HERNANDEZ ;JORGE;V;17-may.-07;GÜIMAR;38570;35,00  ;2007/05
44325045C; HERNANDEZ HERNANDEZ ;JORGE;V;4-feb.-08;SANTA CRUZ DE TENERIFE;38002;35,00  ;2008/02
75777307N; HERNANDEZ HERNANDEZ ;JORGINA;V;14-ago.-07;CANDELARIA;38003;35,00  ;2007/08
59051580T; HERNANDEZ HERNANDEZ ;JOSE  LEON;V;23-ene.-08;LA LAGUNA;38004;105,00  ;2008/01
32985148C; HERNANDEZ HERNANDEZ ;JOSE;V;6-may.-07;GÜIMAR;38570;70,00  ;2007/05
67954378G; HERNANDEZ HERNANDEZ ;JOSE;V;18-dic.-07;SANTA CRUZ DE TENERIFE;38002;35,00  ;2007/12
17307862V; HERNANDEZ HERNANDEZ ;JOSE;V;18-feb.-08;SANTA CRUZ DE TENERIFE;38320;70,00  ;2008/02
16202660B; HERNANDEZ HERRERA ;ISABEL M.;M;17-oct.-07;CANDELARIA;38003;105,00  ;2007/10
13846654X; HERNANDEZ HERRERA ;ISABEL;M;12-may.-07;LA LAGUNA;38108;70,00  ;2007/05
91542577R; HERNANDEZ HERRERA ;ISIDORA;M;16-may.-08;GÜIMAR;38570;35,00  ;2008/05
16139196G; HERNANDEZ HERRERA ;ISIDRO J.;V;17-ene.-08;SANTA CRUZ DE TENERIFE;38320;70,00  ;2008/01
13926879B; HERNANDEZ HERRERA ;ISIDRO;V;26-dic.-07;GÜIMAR;38570;35,00  ;2007/12
25229214P; HERNANDEZ HERRERA ;ISIDRO;V;20-sep.-07;SANTA CRUZ DE TENERIFE;38320;70,00  ;2007/09
68388251M; HERRERA GORRIN ;JOSE LUIS;V;26-abr.-07;SANTA CRUZ DE TENERIFE;38320;70,00  ;2007/04
94542900C; HERRERA GORRIN ;JOSE M.;V;7-nov.-07;GÜIMAR;38570;105,00  ;2007/11
33286739N; HERRERA GOYA ;JOSE LUIS;V;22-jun.-07;GÜIMAR;38570;70,00  ;2007/06
65314390W; HERRERA GRAFIÑA ;JOSE LUIS;V;15-mar.-08;SANTA CRUZ DE TENERIFE;38002;105,00  ;2008/03
39776379H; HERRERA GUADARRAMA ;JOSE L.;V;16-feb.-08;SANTA CRUZ DE TENERIFE;38320;105,00  ;2008/02
69473935C; HERRERA GUAL ;JOSE JAVIER;V;8-feb.-08;GÜIMAR;38570;70,00  ;2008/02
87098410D; HERRERA GUANCHE ;JOSE FRANCISCO;V;15-may.-07;CANDELARIA;38003;105,00  ;2007/05
68613914S; HERRERA GUANCHE ;JOSE FRANCISCO;V;4-abr.-08;LA LAGUNA;38004;70,00  ;2008/04
96828561X; HERRERA GUANCHE ;JOSE FRANCISCO;V;1-mar.-07;LA LAGUNA;38108;105,00  ;2007/03
47458639W; HERRERA GUSTI ;JOSE FERNANDO;V;9-abr.-07;SANTA CRUZ DE TENERIFE;38320;35,00  ;2007/04
97632729Y; HERRERA GUTIERREZ ;JOSE CARLOS;V;19-nov.-07;SANTA CRUZ DE TENERIFE;38320;105,00  ;2007/11
18210360H; HERRERA GUTIERREZ ;JOSE DANIEL;V;20-feb.-08;CANDELARIA;38003;105,00  ;2008/02
18966239W; HERRERA GUTIERREZ ;JOSE DAVID;V;18-jul.-07;SANTA CRUZ DE TENERIFE;38002;105,00  ;2007/07
42232155S; HERRERA GUTIERREZ ;JOSE F.;V;17-nov.-07;GÜIMAR;38570;105,00  ;2007/11
40061897Z; HUERTAS GORRIN ;JOSE MANUEL;V;12-jun.-07;SANTA CRUZ DE TENERIFE;38320;35,00  ;2007/06
26235845K; IZQUIERDO GONZALEZ ;JOSE MANUEL;V;24-abr.-07;LA LAGUNA;38108;105,00  ;2007/04
93362619F; IZQUIERDO GONZALO ;JOSE MANUEL;V;20-dic.-07;LA LAGUNA;38004;105,00  ;2007/12
95359803D; JEREZ GONZALEZ ;JOSE RICARDO;V;5-mar.-07;CANDELARIA;38003;105,00  ;2007/03
96677168A; JEREZ GONZALEZ ;JOSE V.;V;12-may.-07;SANTA CRUZ DE TENERIFE;38002;105,00  ;2007/05
23813923E; JEREZ GONZALEZ ;JOSE VEREMUNDO;V;12-dic.-07;GÜIMAR;38570;70,00  ;2007/12
88069605Y; JEREZ GONZALEZ ;JOSE VICENTE;V;25-oct.-07;SANTA CRUZ DE TENERIFE;38320;70,00  ;2007/10
69735347Z; JERONIMO GONZALEZ ;JOSEFA ANTONIA;M;6-abr.-08;LA LAGUNA;38004;70,00  ;2008/04
26489163V; JIMENEZ GONZALEZ ;JOSEFINA DOLORES;V;29-may.-07;CANDELARIA;38003;70,00  ;2007/05
56128345L; JIMENEZ GONZALEZ ;JOSEFINA REYES;M;8-sep.-07;GÜIMAR;38570;70,00  ;2007/09
67572757E; JIMENEZ GONZALEZ ;JOSEFINA;M;19-ene.-08;LA LAGUNA;38108;35,00  ;2008/01
45477938S; LABRADOR GONZALEZ ;JOSUE;V;26-abr.-08;SANTA CRUZ DE TENERIFE;38002;105,00  ;2008/04
47253223E; LAGO GONZALEZ ;JOVITA;M;22-nov.-07;GÜIMAR;38570;70,00  ;2007/11
23141047B; LAVIN GONZALEZ ;JUAN;V;30-ago.-07;LA LAGUNA;38004;70,00  ;2007/08
28444868D; LAVIN GONZALEZ ;JUAN;V;18-feb.-08;SANTA CRUZ DE TENERIFE;38320;70,00  ;2008/02
69317138Z; LEDESMA GONZALEZ ;JUAN;V;15-may.-08;SANTA CRUZ DE TENERIFE;38002;105,00  ;2008/05
95646044S; LEON GONZALEZ ;JUAN A.;V;10-may.-07;LA LAGUNA;38004;70,00  ;2007/05
53382119Q; LEON GONZALEZ ;JUAN ADRIAN;V;18-may.-07;LA LAGUNA;38108;70,00  ;2007/05
85813566Z; LEON GONZALEZ ;JUAN ANTONIO;V;8-ago.-07;CANDELARIA;38003;105,00  ;2007/08
22565174N; LEON GONZALEZ ;JUAN ANTONIO;V;23-abr.-07;SANTA CRUZ DE TENERIFE;38002;35,00  ;2007/04
73195189N; LEON GONZALEZ ;JUAN;M;13-may.-07;SANTA CRUZ DE TENERIFE;38320;105,00  ;2007/05
37192718Q; LEON GONZALEZ ;JUAN;V;20-may.-07;GÜIMAR;38570;70,00  ;2007/05
77201916R; LIMA GONZALEZ ;JUAN APRONIANO;V;13-nov.-07;GÜIMAR;38570;105,00  ;2007/11
61336708D; LINARES GONZALEZ ;JUAN C.;V;11-abr.-07;SANTA CRUZ DE TENERIFE;38320;35,00  ;2007/04
64309876J; LLANES GONZALEZ ;JUAN CARLOS;V;17-dic.-07;LA LAGUNA;38004;105,00  ;2007/12
26803504V; LLANOS GONZALEZ ;JUAN I.;V;30-abr.-08;LA LAGUNA;38108;105,00  ;2008/04
91537705M; LLORENTE GONZALEZ ;JUAN JAVIER;V;9-feb.-08;CANDELARIA;38003;35,00  ;2008/02
85550792S; LOPEZ GONZALEZ ;JUAN JESUS;V;9-feb.-07;GÜIMAR;38570;35,00  ;2007/02
17737833A; LOPEZ GONZALEZ ;JUAN JESUS;V;13-abr.-08;SANTA CRUZ DE TENERIFE;38320;105,00  ;2008/04
34771311A; LOPEZ GONZALEZ ;JUAN JOSE;V;1-ago.-07;GÜIMAR;38570;70,00  ;2007/08
34771311A; LOPEZ GONZALEZ ;JUAN JOSE;V;21-oct.-07;GÜIMAR;38570;35,00  ;2007/10
31758181B; LOPEZ GONZALEZ ;JUAN JOSE;V;12-oct.-07;SANTA CRUZ DE TENERIFE;38002;70,00  ;2007/10
87003472S; LOPEZ GONZALEZ ;JUAN JOSE;V;30-abr.-08;SANTA CRUZ DE TENERIFE;38320;70,00  ;2008/04
63124255L; LOPEZ GONZALEZ ;JUAN LORENZO;V;3-mar.-07;SANTA CRUZ DE TENERIFE;38320;35,00  ;2007/03
20506685T; LOPEZ GONZALEZ ;JUAN LUIS;V;4-ene.-08;LA LAGUNA;38004;105,00  ;2008/01
72373319R; LOPEZ GONZALEZ ;JUAN LUIS;V;29-ene.-08;LA LAGUNA;38108;35,00  ;2008/01
31439387C; LORENZO GONZALEZ ;JUAN M.;V;22-abr.-08;CANDELARIA;38003;35,00  ;2008/04
17107426A; LORENZO GONZALEZ ;JUAN MIGUEL;V;5-ago.-07;SANTA CRUZ DE TENERIFE;38002;105,00  ;2007/08
17055513R; LOZANO GONZALEZ ;JUANA;M;8-sep.-07;GÜIMAR;38570;35,00  ;2007/09
92633475D; LUIS GONZALEZ ;JUANA ARACELI;M;8-oct.-07;CANDELARIA;38003;35,00  ;2007/10
72689599P; LUIS GONZALEZ ;JUANA BLANCA;M;8-abr.-07;GÜIMAR;38570;70,00  ;2007/04
75491336T; LUIS GONZALEZ ;JUANA FABIOLA;M;23-feb.-08;SANTA CRUZ DE TENERIFE;38002;105,00  ;2008/02
64080061Z; LUIS GONZALEZ ;JUANA M.;M;16-may.-07;GÜIMAR;38570;35,00  ;2007/05
64679599B; LUIS GONZALEZ ;JUANA M.;V;10-oct.-07;SANTA CRUZ DE TENERIFE;38320;70,00  ;2007/10
16891820E; LUIS GONZALEZ ;JUANA MARIBEL;M;21-sep.-07;LA LAGUNA;38004;70,00  ;2007/09
11417020G; LUIS GONZALEZ ;JUANA TANIA;M;23-nov.-07;SANTA CRUZ DE TENERIFE;38002;105,00  ;2007/11
25707714Q; LUIS GONZALEZ ;JUANA;M;1-ene.-08;LA LAGUNA;38004;70,00  ;2008/01
22528247T; LUIS GONZALEZ ;JUANA;M;13-feb.-08;LA LAGUNA;38108;105,00  ;2008/02
35486171T; LUIS GONZALEZ ;JUANA;M;14-abr.-08;SANTA CRUZ DE TENERIFE;38320;35,00  ;2008/04
18724685V; LUJAN GONZALEZ ;JUDIT;M;5-dic.-07;GÜIMAR;38570;70,00  ;2007/12
82713459P; MAGDALENA GONZALEZ ;JUDITH;M;10-sep.-07;SANTA CRUZ DE TENERIFE;38320;35,00  ;2007/09
60729517H; MARICHAL GONZALEZ ;JUDITH;M;9-may.-08;LA LAGUNA;38004;70,00  ;2008/05
41726109S; MARIN GONZALEZ ;JUDITH;V;15-ene.-08;LA LAGUNA;38108;70,00  ;2008/01
11996331Z; MARIN GONZALEZ ;JULIA;M;16-mar.-08;CANDELARIA;38003;70,00  ;2008/03
72012465V; MARRERO GONZALEZ ;JULIANA;M;24-abr.-07;SANTA CRUZ DE TENERIFE;38002;70,00  ;2007/04
71928780Y; MARRERO GONZALEZ ;JULIO J;V;16-ene.-07;GÜIMAR;38570;105,00  ;2007/01
30846734P; MARRERO GONZALEZ ;KARINA GABRIELA;M;20-sep.-07;LA LAGUNA;38004;105,00  ;2007/09
71194199E; MARRERO GONZALEZ ;KARIN;M;27-ene.-08;SANTA CRUZ DE TENERIFE;38320;35,00  ;2008/01
79488255W; MARRERO GONZALEZ ;KELVY JACOB;V;3-ago.-07;LA LAGUNA;38108;70,00  ;2007/08
37221675Q; MARTIN GOMEZ ;LEOCADIO;V;12-abr.-07;GÜIMAR;38570;35,00  ;2007/04
89456484P; MARTIN GOMEZ ;LEONCIO DAVID;V;1-jun.-07;SANTA CRUZ DE TENERIFE;38320;35,00  ;2007/06
23922107Z; MARTIN GOMEZ ;LESLY;V;4-sep.-07;LA LAGUNA;38004;70,00  ;2007/09
22214044T; MARTIN GOMEZ ;LETICIA BEATRIZ;M;21-feb.-07;GÜIMAR;38570;105,00  ;2007/02
77781559K; MARTIN GOMEZ ;LETICIA;M;17-oct.-07;SANTA CRUZ DE TENERIFE;38002;70,00  ;2007/10
39576768R; MARTIN GOMEZ ;LIDIA CLARET;M;17-may.-07;LA LAGUNA;38108;70,00  ;2007/05
96849862J; MARTIN GOMEZ ;LIDIA;M;15-may.-08;LA LAGUNA;38004;70,00  ;2008/05
73174857N; MARTIN GOMEZ ;LIDIA;M;12-jul.-07;SANTA CRUZ DE TENERIFE;38320;35,00  ;2007/07
77507342X; MARTIN GONZALEZ ;KENIN;V;2-mar.-07;CANDELARIA;38003;35,00  ;2007/03
85562422F; MARTIN GONZALEZ ;KEVIN D.;V;5-feb.-07;GÜIMAR;38570;35,00  ;2007/02
93590558Q; MARTIN GONZALEZ ;KEVIN;V;14-may.-08;GÜIMAR;38570;70,00  ;2008/05
93590558Q; MARTIN GONZALEZ ;KEVIN;V;25-abr.-08;GÜIMAR;38570;70,00  ;2008/04
32132471E; MARTIN GONZALEZ ;KEVIN;V;25-jun.-07;SANTA CRUZ DE TENERIFE;38002;105,00  ;2007/06
28057048S; MARTIN GONZALEZ ;KEVIN;V;21-mar.-08;SANTA CRUZ DE TENERIFE;38320;70,00  ;2008/03
28057048S; MARTIN GONZALEZ ;KEVIN;V;7-dic.-07;SANTA CRUZ DE TENERIFE;38320;35,00  ;2007/12
42924335X; MARTIN GONZALEZ ;KIARA;M;12-oct.-07;SANTA CRUZ DE TENERIFE;38320;105,00  ;2007/10
91474275D; MARTIN GONZALEZ ;KILIAN;M;8-ene.-08;LA LAGUNA;38004;105,00  ;2008/01
72635478Y; MARTIN GONZALEZ ;LAURA ROSA;M;30-dic.-07;CANDELARIA;38003;70,00  ;2007/12
22277070Y; MARTIN GONZALEZ ;LAURA;M;30-jul.-07;CANDELARIA;38003;105,00  ;2007/07
49383525H; MARTIN GONZALEZ ;LAURA;M;4-mar.-07;GÜIMAR;38570;35,00  ;2007/03
66730681E; MARTIN GONZALEZ ;LAURA;M;7-mar.-07;LA LAGUNA;38004;105,00  ;2007/03
14919418P; MARTIN GONZALEZ ;LAURA;M;8-sep.-07;LA LAGUNA;38108;70,00  ;2007/09
14919418P; MARTIN GONZALEZ ;LAURA;M;22-jul.-07;LA LAGUNA;38108;35,00  ;2007/07
56264446Y; MARTIN GONZALEZ ;LAURA;M;4-dic.-07;SANTA CRUZ DE TENERIFE;38002;70,00  ;2007/12
55031260B; MARTIN GONZALEZ ;LAURA;M;21-dic.-07;SANTA CRUZ DE TENERIFE;38320;70,00  ;2007/12
85968649P; MARTIN GONZALEZ ;LAUREANA;M;29-ene.-07;GÜIMAR;38570;35,00  ;2007/01
60897397K; MARTIN GONZALEZ ;LAZARO MANUEL;V;25-jul.-07;SANTA CRUZ DE TENERIFE;38002;70,00  ;2007/07
24793248F; MARTINEZ GIL ;LIONEL JOSE;V;6-ene.-08;SANTA CRUZ DE TENERIFE;38320;70,00  ;2008/01
87466702W; MARTINEZ GIL ;LIS Mª;M;2-feb.-08;LA LAGUNA;38004;105,00  ;2008/02
61992702C; MARTINEZ GIMENEZ ;LILIA;M;15-dic.-07;GÜIMAR;38570;70,00  ;2007/12
35037291B; MARTINEZ GIMENO ;LIDIA MARIA;M;13-feb.-07;SANTA CRUZ DE TENERIFE;38002;35,00  ;2007/02
73116331K; MARTINEZ GOMEZ ;LIDIA MARIA;M;15-abr.-08;CANDELARIA;38003;105,00  ;2008/04
73863215A; MARTINI GIL ;LORENZO;V;16-mar.-07;LA LAGUNA;38108;105,00  ;2007/03
61074681K; MASOT GIL ;LORENZO;V;16-nov.-07;CANDELARIA;38003;35,00  ;2007/11
22222238Y; MEDEROS GIL ;LORENZO JESUS;V;31-may.-07;GÜIMAR;38570;105,00  ;2007/05
11153901M; MEDEROS GIL ;LORUDES;M;24-oct.-07;SANTA CRUZ DE TENERIFE;38320;105,00  ;2007/10
53586538B; MEDINA GARCIA ;LUCAS IAN;V;12-feb.-08;SANTA CRUZ DE TENERIFE;38320;105,00  ;2008/02
58652356X; MEDINA GARCIA ;LUCIA;M;19-feb.-08;LA LAGUNA;38004;70,00  ;2008/02
12254092Z; MEDINA GARCIA ;LUCIA;M;3-jul.-07;LA LAGUNA;38108;70,00  ;2007/07
47821750N; MEDINA GERMAN ;LOURDES;M;30-nov.-07;GÜIMAR;38570;105,00  ;2007/11
64104157Y; MEDINA GIL ;LOURDES;M;20-oct.-07;SANTA CRUZ DE TENERIFE;38002;35,00  ;2007/10
43741897Z; MEJIAS GARCIA ;LUCIA;M;4-sep.-07;CANDELARIA;38003;70,00  ;2007/09
20804679Y; MELCHOR GARCIA ;LUCIANO;V;26-feb.-07;SANTA CRUZ DE TENERIFE;38002;35,00  ;2007/02
44838467J; MELIAN GARCIA ;LUCILA;M;19-feb.-07;GÜIMAR;38570;105,00  ;2007/02
73647733P; MELIAN GARCIA ;LUIS;M;14-mar.-08;CANDELARIA;38003;70,00  ;2008/03
85754695T; MELIAN GARCIA ;LUIS;V;5-feb.-07;LA LAGUNA;38004;70,00  ;2007/02
51278250A; MELIAN GARCIA ;LUIS;V;16-ago.-07;LA LAGUNA;38108;35,00  ;2007/08
87600876V; MELIAN GARCIA ;LUIS;V;28-dic.-07;SANTA CRUZ DE TENERIFE;38320;35,00  ;2007/12
39716788C; MELINA GARCIA ;LUISA;M;12-oct.-07;GÜIMAR;38570;70,00  ;2007/10
33242705T; MELINA GARCIA ;LUZ MARIA;M;3-abr.-08;SANTA CRUZ DE TENERIFE;38320;35,00  ;2008/04
21870138J; MELINA GARCIA ;M. BELEN;M;11-abr.-07;SANTA CRUZ DE TENERIFE;38002;105,00  ;2007/04
98307430W; MELO GARCIA ;M. CARMEN;M;9-mar.-07;GÜIMAR;38570;105,00  ;2007/03
98307430W; MELO GARCIA ;M. CARMEN;M;25-may.-07;GÜIMAR;38570;35,00  ;2007/05
94378138F; MELO GARCIA ;M. CARMEN;M;7-may.-07;SANTA CRUZ DE TENERIFE;38320;70,00  ;2007/05
57404071G; MELO GARCIA ;M. DOLORES;M;5-abr.-07;SANTA CRUZ DE TENERIFE;38320;70,00  ;2007/04
73865181Z; MENDEZ GARCIA ;M. ELENA;M;14-feb.-07;LA LAGUNA;38004;70,00  ;2007/02
80871227F; MENDEZ GARCIA ;M. ENCARNACION;M;6-may.-07;LA LAGUNA;38108;105,00  ;2007/05
34251954D; MENDEZ GARCIA ;M. ISABEL;M;14-abr.-07;CANDELARIA;38003;105,00  ;2007/04
40243620Z; MENDEZ GARCIA ;M. JOSEFA;M;10-abr.-08;SANTA CRUZ DE TENERIFE;38002;70,00  ;2008/04
22255064B; MENDEZ GARCIA ;M. LUISA;M;11-may.-07;GÜIMAR;38570;105,00  ;2007/05
57515687R; MENDEZ GARCIA ;M. MAGDALENA;M;18-mar.-07;SANTA CRUZ DE TENERIFE;38320;105,00  ;2007/03
26503310L; MENDOZA GARCIA ;M. MERCEDES;M;2-may.-08;LA LAGUNA;38004;35,00  ;2008/05
84463197K; MENDOZA GARCIA ;M. MERITYELL;V;6-feb.-08;LA LAGUNA;38108;70,00  ;2008/02
82726925L; MENDOZA GARCIA ;M. NATALIA;V;21-oct.-07;CANDELARIA;38003;35,00  ;2007/10
93115902B; MENDOZA GARCIA ;M. NAZARET;M;19-oct.-07;GÜIMAR;38570;35,00  ;2007/10
15344324N; MENESTOSA GARCIA ;M. NIEVES;M;14-mar.-08;SANTA CRUZ DE TENERIFE;38002;35,00  ;2008/03
95060405W; MENZOZA GARCIA ;M. PETRONILA;M;19-ene.-07;GÜIMAR;38570;35,00  ;2007/01
35248828V; MESA GARCIA ;M. PILAR;M;13-mar.-08;SANTA CRUZ DE TENERIFE;38320;35,00  ;2008/03
81050998X; MESA GARCIA ;M. SOL;M;25-ago.-07;LA LAGUNA;38004;70,00  ;2007/08
64202728E; MESA GARCIA ;M. VICTORIA;M;28-oct.-07;SANTA CRUZ DE TENERIFE;38002;35,00  ;2007/10
42691609K; MESA GARCIA ;M.CARMEN;V;1-may.-07;GÜIMAR;38570;105,00  ;2007/05
87952766F; MESA GARCIA ;Mª ANGELES;M;22-mar.-07;SANTA CRUZ DE TENERIFE;38320;35,00  ;2007/03
81541870Q; MINGUILLON GARCIA ;Mª CANDELARIA;M;15-oct.-07;LA LAGUNA;38108;70,00  ;2007/10
93977372Q; MINGUILLON GARCIA ;Mª CANDELARIA;V;4-sep.-07;LA LAGUNA;38004;35,00  ;2007/09
69617076D; MOLINA GARCIA ;Mª CANDELARIA;M;21-ene.-08;CANDELARIA;38003;70,00  ;2008/01
22980593M; MOLINA GARCIA ;Mª CANDELARIA;V;13-jul.-07;SANTA CRUZ DE TENERIFE;38002;105,00  ;2007/07
14357260Q; MOLINA GARCIA ;Mª CARMEN;M;22-oct.-07;GÜIMAR;38570;35,00  ;2007/10
38810212N; MOLINA GARCIA ;Mª DEL MAR;M;19-oct.-07;SANTA CRUZ DE TENERIFE;38320;70,00  ;2007/10
84872093T; MOLINA GARCIA ;Mª DEL PILAR;M;17-ene.-07;LA LAGUNA;38004;70,00  ;2007/01
68738063X; MOLINA GARCIA ;Mª DEL PILAR;M;26-feb.-07;LA LAGUNA;38108;105,00  ;2007/02
39195089F; MONASTERIO GARCIA ;Mª DEL PILAR VANESA;M;27-abr.-07;CANDELARIA;38003;105,00  ;2007/04
83348138W; MONSERRAT GARCIA ;Mª DESIREE;M;25-sep.-07;GÜIMAR;38570;35,00  ;2007/09
97115711M; MONTAÑEZ GARCIA ;Mª DOLORES;M;2-ene.-08;SANTA CRUZ DE TENERIFE;38320;105,00  ;2008/01
64500289D; MONTEJO GARCIA ;Mª DOLORES;M;18-abr.-08;SANTA CRUZ DE TENERIFE;38002;105,00  ;2008/04
72597763B; MONTERO GARCIA ;Mª ENEDINA;M;7-may.-08;GÜIMAR;38570;105,00  ;2008/05
17882764B; MORA GAMEZ ;Mª ESTHER;V;11-jul.-07;SANTA CRUZ DE TENERIFE;38320;105,00  ;2007/07
72560893X; MORALES FLORES ;MAITE;M;14-may.-08;GÜIMAR;38570;105,00  ;2008/05
70281491T; MORALES FRAGOSO ;MAGDALENA;M;11-abr.-07;SANTA CRUZ DE TENERIFE;38002;105,00  ;2007/04
74922033Q; MORALES FRAILE ;MACARENA;M;14-feb.-07;GÜIMAR;38570;105,00  ;2007/02
55328736M; MORALES FRANCHY ;Mª. CONCEPCION;M;8-ene.-08;CANDELARIA;38003;35,00  ;2008/01
25710717Y; MORALES FRANCISCO ;Mª TERESA;M;6-ene.-08;LA LAGUNA;38108;105,00  ;2008/01
25522704H; MORALES FRANQUET ;Mª SOLEDAD;M;4-mar.-08;LA LAGUNA;38004;70,00  ;2008/03
48469694T; MORALES FUENTE ;Mª NIEVES;M;1-mar.-08;SANTA CRUZ DE TENERIFE;38320;70,00  ;2008/03
18328196W; MORALES FUENTES ;Mª JOSEFA;M;10-dic.-07;SANTA CRUZ DE TENERIFE;38002;105,00  ;2007/12
39376024R; MORALES FUENTES ;Mª MONSERRAT;M;10-nov.-07;GÜIMAR;38570;105,00  ;2007/11
33536047T; MORALES FUMERO ;Mª JOSEFA;V;1-abr.-08;CANDELARIA;38003;70,00  ;2008/04
69998034H; MORALES GABINO ;Mª JOSE;V;9-abr.-07;LA LAGUNA;38108;105,00  ;2007/04
63748237B; MORALES GALDONA ;Mª JOSE;M;17-abr.-08;LA LAGUNA;38004;105,00  ;2008/04
28898305R; MORALES GALLEGO ;Mª JESUS;M;7-ene.-08;SANTA CRUZ DE TENERIFE;38320;70,00  ;2008/01
94683943G; MORALES GALVAN ;Mª ISABEL;M;16-jun.-07;GÜIMAR;38570;35,00  ;2007/06
29017444T; MORENO FERNANDEZ ;MANUEL;V;20-oct.-07;LA LAGUNA;38004;70,00  ;2007/10
84986220R; MORENO FLORES ;MANOAH;V;16-may.-07;SANTA CRUZ DE TENERIFE;38320;105,00  ;2007/05
50296773M; MORILLOS FERNANDEZ ;MANUEL;V;18-ene.-08;SANTA CRUZ DE TENERIFE;38002;70,00  ;2008/01
10665146T; MORIN FERNANDEZ ;MANUEL;V;14-mar.-07;GÜIMAR;38570;70,00  ;2007/03
24707067F; MOTA FERNANDEZ ;MANUEL;V;29-jun.-07;SANTA CRUZ DE TENERIFE;38320;35,00  ;2007/06
67314296N; MUÑIZ FERNANDEZ ;MANUEL;V;1-ene.-08;LA LAGUNA;38004;70,00  ;2008/01
52997132A; NAVARRO FERNANDEZ ;MANUEL;V;27-abr.-08;LA LAGUNA;38108;70,00  ;2008/04
77426307G; NAZCO FERNANDEZ ;MANUEL;V;8-mar.-08;CANDELARIA;38003;105,00  ;2008/03
40216434Z; NEGRIN FELIPE ;MANUELA;M;5-abr.-08;SANTA CRUZ DE TENERIFE;38320;70,00  ;2008/04
51094872G; NEGRIN FERNANDEZ ;MANUEL FERNANDO;V;20-ago.-07;GÜIMAR;38570;70,00  ;2007/08
46500095Y; NEGRIN FERNANDEZ ;MANUEL;V;7-ene.-08;SANTA CRUZ DE TENERIFE;38002;70,00  ;2008/01
17412050S; NEGRON FEBLES ;MANUELA;V;13-abr.-07;LA LAGUNA;38004;105,00  ;2007/04
98725826M; NIETO FARIÑA ;MANUELA;M;31-oct.-07;LA LAGUNA;38108;70,00  ;2007/10
41033336W; NODA FAGUNDO ;MARCO ANTONIO;V;18-abr.-08;SANTA CRUZ DE TENERIFE;38320;70,00  ;2008/04
95184024L; NODA FAJARDO ;MARCO ANTONIO;V;3-mar.-07;GÜIMAR;38570;70,00  ;2007/03
83828615D; NODA FALERO ;MARCO A.;V;31-dic.-07;CANDELARIA;38003;105,00  ;2007/12
61854328Z; NUEZ EXPOSITO ;MARCOS;V;20-dic.-07;SANTA CRUZ DE TENERIFE;38002;105,00  ;2007/12
10082824S; NUÑEZ EXPOSITO ;MARGARITA;M;26-sep.-07;GÜIMAR;38570;35,00  ;2007/09
35332296H; OLIVARES EXPOSITO ;MARGARITA;M;19-ene.-07;SANTA CRUZ DE TENERIFE;38320;105,00  ;2007/01
41147633N; OLIVE EXPOSITO ;MARGARITA;V;27-ene.-08;GÜIMAR;38570;35,00  ;2008/01
88250089D; OLIVER EXPOSITO ;MARGARITA;M;11-sep.-07;SANTA CRUZ DE TENERIFE;38320;105,00  ;2007/09
54923935G; ORAMAS EVORA ;MARGARITA;M;7-may.-07;SANTA CRUZ DE TENERIFE;38002;105,00  ;2007/05
88296559L; ORTIZ ESTEVEZ ;MARGARITA ISABEL;M;8-may.-08;GÜIMAR;38570;35,00  ;2008/05
77716958G; OSSORIO ESTEVEZ ;MARGARITA MARIA;M;26-dic.-07;SANTA CRUZ DE TENERIFE;38320;35,00  ;2007/12
74438651W; OVAL ESTEVEZ ;MARIA;M;25-feb.-07;GÜIMAR;38570;105,00  ;2007/02
71856577T; PACHECO ESPINOSA ;MARIA ADELA;M;10-ago.-07;GÜIMAR;38570;105,00  ;2007/08
34538024M; PACHECO ESPINOSA ;MARIA;M;3-may.-08;LA LAGUNA;38004;70,00  ;2008/05
10427655F; PACHECO ESPINOSA ;MARIA;M;12-may.-07;LA LAGUNA;38108;70,00  ;2007/05
85360558Z; PACHECO ESPINOSA ;MARIA;M;29-oct.-07;SANTA CRUZ DE TENERIFE;38002;35,00  ;2007/10
25661823X; PACHECO ESPINOSA ;MARIA;V;9-ago.-07;CANDELARIA;38003;35,00  ;2007/08
22499332L; PACHECO ESTEVEZ ;MARIA;M;15-oct.-07;SANTA CRUZ DE TENERIFE;38320;70,00  ;2007/10
79510426R; PADILLA ELISA ;MARIA ANGELES;M;27-mar.-08;GÜIMAR;38570;35,00  ;2008/03
77198148M; PADILLA ELVIRA ;MARIA ANGELES;M;18-ene.-07;CANDELARIA;38003;35,00  ;2007/01
44328448L; PADILLA ESCOBAR ;MARIA ANGELES;M;23-nov.-07;LA LAGUNA;38108;105,00  ;2007/11
90708807G; PADILLA ESPINEL ;MARIA ANGELES;M;18-abr.-08;LA LAGUNA;38004;35,00  ;2008/04
52131260N; PADILLA ESPINO ;MARIA ALEJANDRA;M;21-feb.-07;SANTA CRUZ DE TENERIFE;38320;35,00  ;2007/02
22728308F; PADRON DORTA ;MARIA ARANZASUS;M;23-mar.-08;GÜIMAR;38570;105,00  ;2008/03
74837827J; PADRON DORTA ;MARIA ASUNCION;M;21-mar.-08;LA LAGUNA;38004;70,00  ;2008/03
52404796D; PADRON DORTA ;MARIA ASUNCION;M;26-mar.-07;SANTA CRUZ DE TENERIFE;38320;35,00  ;2007/03
27015191N; PADRON DORTA ;MARIA AUXILIADORA;M;11-abr.-08;SANTA CRUZ DE TENERIFE;38002;105,00  ;2008/04
56701967K; PADRON DUMPIERREZ ;MARIA ANGUSTIAS RUTH;V;19-feb.-08;SANTA CRUZ DE TENERIFE;38002;70,00  ;2008/02
40379247X; PALACIOS DORTA ;MARIA AUXILIADORA;V;31-ago.-07;GÜIMAR;38570;35,00  ;2007/08
88096782C; PALMES DORTA ;MARIA BENERICE;M;13-mar.-08;SANTA CRUZ DE TENERIFE;38320;70,00  ;2008/03
61584208Y; PASTOR DORTA ;MARIA CANDELARIA;M;26-feb.-08;LA LAGUNA;38004;70,00  ;2008/02
24196406S; PAZ DORTA ;MARIA CANDELARIA;M;21-jun.-07;LA LAGUNA;38108;105,00  ;2007/06
87599175H; PEDREIRO DORTA ;MARIA CANDELARIA;M;13-ene.-08;CANDELARIA;38003;70,00  ;2008/01
47179298L; PEÑA DORTA ;MARIA CANDELARIA;V;14-ago.-07;GÜIMAR;38570;70,00  ;2007/08
41798272G; PEÑA DORTA ;MARIA CANDELARIA;V;31-dic.-07;SANTA CRUZ DE TENERIFE;38002;35,00  ;2007/12
22876066J; PERALTA DONIZ ;MARIA CANDELARIA;M;14-jun.-07;LA LAGUNA;38004;70,00  ;2007/06
87876692V; PERALTA DORTA ;MARIA CANDELARIA;M;6-jul.-07;SANTA CRUZ DE TENERIFE;38320;70,00  ;2007/07
30260042T; PERAZA DOMINGUEZ ;MARIA CARMEN;M;4-sep.-07;GÜIMAR;38570;35,00  ;2007/09
10203618J; PERAZA DONATE ;MARIA CARMEN;M;17-feb.-08;CANDELARIA;38003;105,00  ;2008/02
43017373J; PERAZA DONIZ ;MARIA CANDELARIA;M;22-sep.-07;LA LAGUNA;38108;70,00  ;2007/09
81316208F; PERDOMO DOMINGUEZ ;MARIA CARMEN;M;22-sep.-07;SANTA CRUZ DE TENERIFE;38320;105,00  ;2007/09
15850775A; PEREDA DOMINGUEZ ;MARIA CARMEN;M;26-abr.-07;SANTA CRUZ DE TENERIFE;38002;70,00  ;2007/04
37542361J; PERERA DOMINGUEZ ;MARIA CARMEN;M;29-oct.-07;GÜIMAR;38570;35,00  ;2007/10
49192087D; PEREZ DELGADO ;MARIA DEL SOCORRO;M;5-dic.-07;SANTA CRUZ DE TENERIFE;38320;35,00  ;2007/12
78577178R; PEREZ DELGADO ;MARIA DESIREE;M;22-oct.-07;LA LAGUNA;38004;70,00  ;2007/10
40957955S; PEREZ DELGADO ;MARIA DESIREE;M;2-oct.-07;SANTA CRUZ DE TENERIFE;38002;70,00  ;2007/10
31393401B; PEREZ DELGADO ;MARIA DOLORES;M;9-jun.-07;LA LAGUNA;38004;35,00  ;2007/06
56530272K; PEREZ DELGADO ;MARIA DOLORES;M;15-ago.-07;LA LAGUNA;38108;105,00  ;2007/08
89121435T; PEREZ DELGADO ;MARIA DOLORES;M;13-ene.-08;SANTA CRUZ DE TENERIFE;38320;105,00  ;2008/01
41325598A; PEREZ DELGADO ;MARIA DOLORES;V;21-nov.-07;GÜIMAR;38570;105,00  ;2007/11
56536367K; PEREZ DELGADO ;MARIA EUGENIA;M;7-abr.-08;CANDELARIA;38003;105,00  ;2008/04
78882832P; PEREZ DELGADO ;MARIA EUGENIA;M;17-mar.-07;SANTA CRUZ DE TENERIFE;38002;35,00  ;2007/03
30965772K; PEREZ DELGADO ;MARIA FATIMA;M;28-may.-07;GÜIMAR;38570;105,00  ;2007/05
15006102M; PEREZ DELGADO ;MARIA GLADYS;M;23-nov.-07;SANTA CRUZ DE TENERIFE;38320;105,00  ;2007/11
67775062L; PEREZ DELGADO ;MARIA GLORIA;V;31-ago.-07;LA LAGUNA;38004;70,00  ;2007/08
87383473X; PEREZ DEVORA ;MARIA DEL ROSARIO;V;13-may.-07;GÜIMAR;38570;105,00  ;2007/05
86310418C; PEREZ DIAZ ;MARIA DE LAS MERCEDE;V;30-oct.-07;SANTA CRUZ DE TENERIFE;38320;35,00  ;2007/10
73926699F; PEREZ DIAZ ;MARIA DE LOS ANGELES;M;10-feb.-07;LA LAGUNA;38004;35,00  ;2007/02
44961259P; PEREZ DIAZ ;MARIA DE LOS REYES;M;5-ene.-08;LA LAGUNA;38108;105,00  ;2008/01
74847513Q; PEREZ DIAZ ;MARIA DEL CARMEN;M;16-jun.-07;GÜIMAR;38570;70,00  ;2007/06
74847513Q; PEREZ DIAZ ;MARIA DEL CARMEN;M;1-jul.-07;GÜIMAR;38570;105,00  ;2007/07
89271262M; PEREZ DIAZ ;MARIA DEL CARMEN;M;20-jun.-07;LA LAGUNA;38004;70,00  ;2007/06
67221939T; PEREZ DIAZ ;MARIA DEL CARMEN;M;10-jun.-07;LA LAGUNA;38108;35,00  ;2007/06
13964948S; PEREZ DIAZ ;MARIA DEL CARMEN;M;14-ene.-08;SANTA CRUZ DE TENERIFE;38002;70,00  ;2008/01
18723238L; PEREZ DIAZ ;MARIA DEL CARMEN;M;9-nov.-07;SANTA CRUZ DE TENERIFE;38320;105,00  ;2007/11
18723238L; PEREZ DIAZ ;MARIA DEL CARMEN;M;2-may.-07;SANTA CRUZ DE TENERIFE;38320;70,00  ;2007/05
18723238L; PEREZ DIAZ ;MARIA DEL CARMEN;M;28-ene.-08;SANTA CRUZ DE TENERIFE;38320;35,00  ;2008/01
53622669D; PEREZ DIAZ ;MARIA DEL CARMEN;V;20-may.-07;CANDELARIA;38003;105,00  ;2007/05
77051339M; PEREZ DIAZ ;MARIA DEL CARMEN;V;29-abr.-08;GÜIMAR;38570;35,00  ;2008/04
54107240Q; PEREZ DIAZ ;MARIA DEL CRISTO;M;29-oct.-07;CANDELARIA;38003;70,00  ;2007/10
27487642C; PEREZ DIAZ ;MARIA DEL CRISTO;M;8-ene.-08;SANTA CRUZ DE TENERIFE;38002;35,00  ;2008/01
64048092S; PEREZ DIAZ ;MARIA DEL MAR;M;23-ago.-07;GÜIMAR;38570;35,00  ;2007/08
89488652E; PEREZ DIAZ ;MARIA DEL MAR;M;31-ene.-07;LA LAGUNA;38004;70,00  ;2007/01
80040204C; PEREZ DIAZ ;MARIA DEL MAR;M;2-feb.-07;SANTA CRUZ DE TENERIFE;38320;70,00  ;2007/02
59388788M; PEREZ DIAZ ;MARIA DEL PILAR;M;12-feb.-07;LA LAGUNA;38108;105,00  ;2007/02
93076045J; PEREZ DIAZ ;MARIA DEL PILAR;V;27-feb.-07;CANDELARIA;38003;35,00  ;2007/02
64003248K; PEREZ DIAZ ;MARIA DEL ROSARIO;M;11-ene.-08;GÜIMAR;38570;70,00  ;2008/01
78334398D; PEREZ DIAZ ;MARIA DEL ROSARIO;M;18-jul.-07;SANTA CRUZ DE TENERIFE;38002;70,00  ;2007/07
59354227J; PEREZ DOMINGUEZ ;MARIA CARMEN;M;17-ago.-07;SANTA CRUZ DE TENERIFE;38320;70,00  ;2007/08
86892922A; PEREZ DOMINGUEZ ;MARIA CATALINA;M;21-may.-07;CANDELARIA;38003;70,00  ;2007/05
50575151Z; PEREZ DOMINGUEZ ;MARIA CRUZ;M;27-nov.-07;GÜIMAR;38570;70,00  ;2007/11
94572656Z; PEREZ DOMINGUEZ ;MARIA CRUZ;M;3-abr.-08;SANTA CRUZ DE TENERIFE;38002;105,00  ;2008/04
43394417H; PINEDA DELGADO ;MARIA GUACIMARA;M;24-mar.-07;LA LAGUNA;38108;70,00  ;2007/03
72368441E; PIÑERO DELGADO ;MARIA ISABEL;M;21-may.-07;CANDELARIA;38003;70,00  ;2007/05
52707197Y; PLACERES DARIAS ;MARIA ISABEL;V;5-dic.-07;SANTA CRUZ DE TENERIFE;38320;105,00  ;2007/12
79081384R; PLACERES DAVILA ;MARIA ISABEL;M;5-may.-08;GÜIMAR;38570;35,00  ;2008/05
85304032E; PLASENCIA DARIAS ;MARIA ISABEL;M;21-nov.-07;SANTA CRUZ DE TENERIFE;38002;35,00  ;2007/11
57661859P; PRIETO DAMAS ;MARIA JOSE;M;14-mar.-08;GÜIMAR;38570;70,00  ;2008/03
40339578Q; PRIETO DARIAS ;MARIA J.;M;25-mar.-07;GÜIMAR;38570;70,00  ;2007/03
92746816Y; PRIETO DARIAS ;MARIA JESUS;M;8-oct.-07;SANTA CRUZ DE TENERIFE;38320;35,00  ;2007/10
80811866D; QUIJADA CURBELO ;MARIA JOSE;M;29-mar.-08;LA LAGUNA;38004;35,00  ;2008/03
22437284W; QUIJADA CURBELO ;MARIA JOSE;V;25-feb.-07;SANTA CRUZ DE TENERIFE;38320;70,00  ;2007/02
71371307F; QUINTERO CRUZ ;MARIA LOURDES;M;8-abr.-08;SANTA CRUZ DE TENERIFE;38320;70,00  ;2008/04
62210906T; QUINTERO CUBAS ;MARIA JOSEFA;M;28-sep.-07;SANTA CRUZ DE TENERIFE;38002;70,00  ;2007/09
39736837J; QUINTERO CUBAS ;MARIA JULIA;M;1-nov.-07;GÜIMAR;38570;35,00  ;2007/11
28740902X; QUINTERO CUESTA ;MARIA JOSE;M;21-ago.-07;CANDELARIA;38003;105,00  ;2007/08
66472016S; QUINTERO CURBELO ;MARIA JOSE;M;14-mar.-08;LA LAGUNA;38108;105,00  ;2008/03
56740995H; QUITERO CRUZ ;MARIA LUISA;V;17-may.-07;LA LAGUNA;38004;70,00  ;2007/05
14820801S; RAMOS CORREA ;MARIA MERCEDES;M;14-jul.-07;LA LAGUNA;38004;70,00  ;2007/07
80289071G; RAMOS CORREA ;MARIA MERCEDES;M;8-nov.-07;SANTA CRUZ DE TENERIFE;38320;35,00  ;2007/11
81443586B; RAMOS CORUJO ;MARIA MERCEDES;M;9-dic.-07;GÜIMAR;38570;105,00  ;2007/12
42120569W; RAMOS CRESPO ;MARIA MERCEDES;M;12-ago.-07;SANTA CRUZ DE TENERIFE;38002;105,00  ;2007/08
44751619J; RAMOS CRUZ ;MARIA LUISA;M;13-ago.-07;CANDELARIA;38003;105,00  ;2007/08
28116942V; RAMOS CRUZ ;MARIA LUISA;M;10-ene.-08;LA LAGUNA;38108;105,00  ;2008/01
59187368L; RAMOS CRUZ ;MARIA LUZ;M;26-abr.-08;GÜIMAR;38570;70,00  ;2008/04
17504760N; RANCEL COROMOTO ;MARIA MILAGROS;M;12-may.-08;GÜIMAR;38570;35,00  ;2008/05
76475578A; RANCEL CORREA ;MARIA MIGUELINA;M;14-jul.-07;SANTA CRUZ DE TENERIFE;38002;35,00  ;2007/07
69735930E; RAVELO COFRE ;MARIA NIEVES;M;15-ene.-07;GÜIMAR;38570;105,00  ;2007/01
85877778X; RAVELO COLLADO ;MARIA NIEVES;M;22-abr.-07;SANTA CRUZ DE TENERIFE;38002;35,00  ;2007/04
74232512N; RAVELO CONCEPCION ;MARIA NAZARET;M;9-nov.-07;LA LAGUNA;38004;35,00  ;2007/11
87302065E; RAVELO CONCEPCION ;MARIA NIEVES;M;13-feb.-07;CANDELARIA;38003;70,00  ;2007/02
58003188V; RAVELO CONCEPCION ;MARIA NIEVES;V;30-abr.-08;LA LAGUNA;38108;35,00  ;2008/04
92945224Q; RAVELO CORBO ;MARIA MONTSERRAT;M;30-jun.-07;SANTA CRUZ DE TENERIFE;38320;35,00  ;2007/06
45446519Z; REAL COELLO ;MARIA NIEVES;M;10-jun.-07;SANTA CRUZ DE TENERIFE;38320;35,00  ;2007/06
57319313R; REBOSO COELLO ;MARIA NIEVES;M;19-mar.-08;LA LAGUNA;38004;35,00  ;2008/03
62944521F; RECCO CLEMENTE ;MARIA NIEVES;M;22-nov.-07;LA LAGUNA;38108;70,00  ;2007/11
68154657E; REINA CLEMENTE ;MARIA NOEMI;M;29-abr.-08;CANDELARIA;38003;70,00  ;2008/04
51538212L; REMON CHINEA ;MARIA PILAR;M;5-feb.-08;GÜIMAR;38570;105,00  ;2008/02
92121945E; REVERON CHINEA ;MARIA PILAR;M;28-oct.-07;SANTA CRUZ DE TENERIFE;38002;70,00  ;2007/10
68945401A; REVERON CHINEA ;MARIA PILAR;M;28-dic.-07;SANTA CRUZ DE TENERIFE;38320;35,00  ;2007/12
14589122S; REY CHINEA ;MARIA RAFAELA;M;10-jun.-07;GÜIMAR;38570;70,00  ;2007/06
14441874J; REYES CHACON ;MARIA SILVIA;M;21-jun.-07;LA LAGUNA;38108;105,00  ;2007/06
98147245N; REYES CHAVEZ ;MARIA SANDRA;M;22-feb.-08;LA LAGUNA;38004;105,00  ;2008/02
63133512F; REYES CHICA ;MARIA ROSARIO;M;2-mar.-07;SANTA CRUZ DE TENERIFE;38320;35,00  ;2007/03
14397358W; REYES CHICO ;MARIA REYES;M;11-mar.-08;SANTA CRUZ DE TENERIFE;38320;105,00  ;2008/03
50762383A; REYES CHICO ;MARIA ROCIO;M;21-mar.-08;GÜIMAR;38570;105,00  ;2008/03
24506381L; RINCON CASTRO ;MARIA SOLEDAD;M;16-may.-07;CANDELARIA;38003;105,00  ;2007/05
97269924A; RIQUELVE CASTRO ;MARIA SOLEDAD;M;2-may.-08;SANTA CRUZ DE TENERIFE;38002;105,00  ;2008/05
39562968R; RIVERO CASTRO ;MARIA SOLEDAD;V;3-jul.-07;GÜIMAR;38570;35,00  ;2007/07
14527102A; RODIRUGEZ CASTILLA ;MARIA;M;1-nov.-07;SANTA CRUZ DE TENERIFE;38320;70,00  ;2007/11
76520385Y; RODRIGUEZ BONILLA ;MONICA;M;19-feb.-07;LA LAGUNA;38108;70,00  ;2007/02
35998690X; RODRIGUEZ BORGES ;MOISES;V;20-nov.-07;SANTA CRUZ DE TENERIFE;38320;35,00  ;2007/11
51034898Z; RODRIGUEZ BORGES ;MONICA;M;20-ene.-07;LA LAGUNA;38004;35,00  ;2007/01
79655965L; RODRIGUEZ BOTE ;MOISES;V;16-ene.-08;GÜIMAR;38570;105,00  ;2008/01
75656477R; RODRIGUEZ BOTIA ;MOISES;V;29-may.-07;SANTA CRUZ DE TENERIFE;38002;35,00  ;2007/05
97812893B; RODRIGUEZ BOU ;MOISES;V;27-ene.-08;CANDELARIA;38003;35,00  ;2008/01
23941683V; RODRIGUEZ BOUZA ;MOISES;V;19-jul.-07;LA LAGUNA;38108;105,00  ;2007/07
92428912P; RODRIGUEZ BRAVO ;MOHAMED;V;27-abr.-08;LA LAGUNA;38004;35,00  ;2008/04
76017824H; RODRIGUEZ BRITO ;MILAGROS;M;19-mar.-07;SANTA CRUZ DE TENERIFE;38320;35,00  ;2007/03
42785894Y; RODRIGUEZ BRITO ;MILAVIS;M;18-dic.-07;SANTA CRUZ DE TENERIFE;38002;105,00  ;2007/12
17616796S; RODRIGUEZ BRITO ;MIREYA;V;6-ago.-07;GÜIMAR;38570;70,00  ;2007/08
61773801X; RODRIGUEZ BRITO ;MIRIAM;M;29-may.-07;GÜIMAR;38570;70,00  ;2007/05
48912787K; RODRIGUEZ BRITO ;MIRIAM;M;10-oct.-07;SANTA CRUZ DE TENERIFE;38320;70,00  ;2007/10
48912787K; RODRIGUEZ BRITO ;MIRIAM;M;27-abr.-07;SANTA CRUZ DE TENERIFE;38320;35,00  ;2007/04
96528800P; RODRIGUEZ BUENO ;MILAGROS;M;12-jul.-07;GÜIMAR;38570;35,00  ;2007/07
32343406R; RODRIGUEZ CABRERA ;MERCEDES DE JESUS;M;15-ene.-07;GÜIMAR;38570;105,00  ;2007/01
97675933Q; RODRIGUEZ CABRERA ;MICHAEL;V;26-ene.-07;LA LAGUNA;38004;105,00  ;2007/01
41730677Y; RODRIGUEZ CABRERA ;MICHAEL;V;22-ago.-07;SANTA CRUZ DE TENERIFE;38320;70,00  ;2007/08
58579662L; RODRIGUEZ CABRERA ;MIGUEL ANGEL;V;23-nov.-07;CANDELARIA;38003;70,00  ;2007/11
65067720F; RODRIGUEZ CABRERA ;MIGUEL ANGEL;V;7-abr.-07;GÜIMAR;38570;35,00  ;2007/04
23227797M; RODRIGUEZ CABRERA ;MIGUEL ANGEL;V;11-jul.-07;SANTA CRUZ DE TENERIFE;38002;105,00  ;2007/07
58382347K; RODRIGUEZ CABRERA ;MIGUEL ANGEL;V;15-may.-08;SANTA CRUZ DE TENERIFE;38320;105,00  ;2008/05
45880120L; RODRIGUEZ CABRERA ;MIGUEL MAROTO;V;13-nov.-07;LA LAGUNA;38004;35,00  ;2007/11
36577621P; RODRIGUEZ CABRERA ;MIGUEL;V;15-feb.-08;LA LAGUNA;38108;70,00  ;2008/02
36914352L; RODRIGUEZ CABRERA ;MILAGROS;M;17-may.-07;CANDELARIA;38003;105,00  ;2007/05
57058843Y; RODRIGUEZ CABRERA ;MILAGROS;V;19-ene.-07;LA LAGUNA;38108;105,00  ;2007/01
24657282V; RODRIGUEZ CAIVEL ;MERCEDES C.;M;4-nov.-07;SANTA CRUZ DE TENERIFE;38002;70,00  ;2007/11
97302173Y; RODRIGUEZ CALZADA ;MERCEDES;M;7-mar.-08;SANTA CRUZ DE TENERIFE;38320;70,00  ;2008/03
36143572S; RODRIGUEZ CANINO ;MERCEDES;V;17-jul.-07;GÜIMAR;38570;70,00  ;2007/07
26469381S; RODRIGUEZ CANO ;MERCEDES;M;18-abr.-08;LA LAGUNA;38108;70,00  ;2008/04
40855999H; RODRIGUEZ CANO ;MERCEDES;V;4-abr.-07;CANDELARIA;38003;105,00  ;2007/04
56839240F; RODRIGUEZ CARBALLEDA ;MAXIMA;V;13-may.-07;LA LAGUNA;38004;70,00  ;2007/05
34775225F; RODRIGUEZ CARBALLERO ;MAURICIO MARCO;V;10-jun.-07;SANTA CRUZ DE TENERIFE;38320;35,00  ;2007/06
17493764X; RODRIGUEZ CARBALLO ;MARTIN;V;17-ago.-07;SANTA CRUZ DE TENERIFE;38002;70,00  ;2007/08
44554594Y; RODRIGUEZ CARBALLO ;MATILDE;M;18-ene.-07;GÜIMAR;38570;70,00  ;2007/01
18763485Q; RODRIGUEZ CARRASCO ;MARTA DESERE;M;4-feb.-07;CANDELARIA;38003;70,00  ;2007/02
73252647Q; RODRIGUEZ CARRILLO ;MARTA;M;12-oct.-07;LA LAGUNA;38004;105,00  ;2007/10
24203832N; RODRIGUEZ CARRILLO ;MARTA;M;13-dic.-07;LA LAGUNA;38108;105,00  ;2007/12
50361323V; RODRIGUEZ CASANOVA ;MARTA;M;18-ene.-07;SANTA CRUZ DE TENERIFE;38320;105,00  ;2007/01
65345176Z; RODRIGUEZ CASAÑAS ;MARIO;V;5-ago.-07;SANTA CRUZ DE TENERIFE;38002;35,00  ;2007/08
93071638E; RODRIGUEZ CASAÑAS ;MARTA;M;28-mar.-08;GÜIMAR;38570;105,00  ;2008/03
70043718R; RODRIGUEZ CASARIEGO ;MARIA VICTORIA;M;26-mar.-07;LA LAGUNA;38004;105,00  ;2007/03
25147308M; RODRIGUEZ CASIMIRO ;MARIA VICTORIA;M;11-ene.-08;SANTA CRUZ DE TENERIFE;38320;70,00  ;2008/01
36700306B; RODRIGUEZ CASQUERO ;MARIA VERONICA;M;28-ene.-07;GÜIMAR;38570;70,00  ;2007/01
92634249R; RODRIGUEZ CASTAÑEDA ;MARIA TERESA;V;21-feb.-07;SANTA CRUZ DE TENERIFE;38002;105,00  ;2007/02
82292634Z; RODRIGUEZ CASTELLANO ;MARIA TERESA;M;24-feb.-07;CANDELARIA;38003;70,00  ;2007/02
82292634Z; RODRIGUEZ CASTELLANO ;MARIA TERESA;M;25-mar.-07;CANDELARIA;38003;105,00  ;2007/03
42935775L; RODRIGUEZ CASTELLANO ;MARIA TERESA;M;11-mar.-08;LA LAGUNA;38108;105,00  ;2008/03
60042893J; RODRIGUEZ CASTILLA ;MARIA TERESA;M;30-abr.-08;LA LAGUNA;38004;105,00  ;2008/04
33801360P; RODRIUGEZ BLANCO ;MONICA;M;16-feb.-08;CANDELARIA;38003;105,00  ;2008/02
70496835H; ROGER BETHENCOURT ;MONSERRAT;M;16-ene.-07;GÜIMAR;38570;35,00  ;2007/01
83380003N; ROLO BETHENCOURT ;MONSERRAT;M;9-jul.-07;GÜIMAR;38570;70,00  ;2007/07
50224877F; ROMAN BETHANCORT ;MONSERRAT;M;21-feb.-07;SANTA CRUZ DE TENERIFE;38320;105,00  ;2007/02
69863501N; ROMERO BETANCORT ;NAIRA;M;17-ago.-07;GÜIMAR;38570;70,00  ;2007/08
19972740T; ROMERO BETENCOURT ;N CORALIA;M;31-ene.-07;SANTA CRUZ DE TENERIFE;38002;35,00  ;2007/01
17011584W; ROSA BERMUDO ;NAREME;V;24-mar.-08;SANTA CRUZ DE TENERIFE;38320;70,00  ;2008/03
60764958Q; RUIZ BENITEZ ;NATHALIE MARIE;M;30-ene.-08;CANDELARIA;38003;70,00  ;2008/01
85738883N; RUIZ BENITEZ ;NATIVIDAD;M;4-oct.-07;SANTA CRUZ DE TENERIFE;38002;70,00  ;2007/10
20461878C; RUIZ BENITO ;NATALIA;M;29-may.-07;LA LAGUNA;38108;70,00  ;2007/05
64486266Q; RUIZ BERLANGA ;NATALIA;M;9-oct.-07;LA LAGUNA;38004;35,00  ;2007/10
52754447Z; RUIZ BERMUDEZ ;NATALIA;M;3-oct.-07;GÜIMAR;38570;105,00  ;2007/10
28509307W; RUIZ BERMUDEZ ;NATALIA;M;14-may.-07;SANTA CRUZ DE TENERIFE;38320;70,00  ;2007/05
48562994N; SABINA BENITEZ ;NAUZET;V;19-abr.-07;GÜIMAR;38570;70,00  ;2007/04
57451921Z; SACRAMENTO BELTRAN ;NAUZET;V;5-nov.-07;SANTA CRUZ DE TENERIFE;38320;105,00  ;2007/11
64263313W; SALAZAR BELTRAN ;NAYRA;M;2-jul.-07;LA LAGUNA;38004;35,00  ;2007/07
92691290W; SALES BELTRAN ;NAYRA;M;21-abr.-08;LA LAGUNA;38108;105,00  ;2008/04
83962890X; SAMARIN BELLO ;NAYRA;V;7-feb.-08;CANDELARIA;38003;70,00  ;2008/02
13613283C; SANCHEZ BARRERA ;NIEVES;M;19-abr.-07;SANTA CRUZ DE TENERIFE;38002;70,00  ;2007/04
66800951G; SANCHEZ BARRETO ;NICOLE;M;8-may.-08;SANTA CRUZ DE TENERIFE;38320;105,00  ;2008/05
79069634G; SANCHEZ BARRETO ;NIEVE D.;M;10-may.-08;LA LAGUNA;38004;105,00  ;2008/05
87006268M; SANCHEZ BARRETO ;NIEVES;M;21-ene.-07;LA LAGUNA;38108;70,00  ;2007/01
15844683Y; SANCHEZ BARRETO ;NIEVES;V;22-may.-07;CANDELARIA;38003;105,00  ;2007/05
20503728X; SANCHEZ BARRIOS ;NESTALII;M;3-feb.-07;SANTA CRUZ DE TENERIFE;38002;35,00  ;2007/02
88628736F; SANCHEZ BARRIOS ;NICOLAS;V;3-may.-08;GÜIMAR;38570;35,00  ;2008/05
88656624L; SANCHEZ BARROSO ;NEMESIO;V;14-feb.-07;LA LAGUNA;38004;70,00  ;2007/02
32814518G; SANCHEZ BASO ;NELSON MIGUEL;M;7-mar.-08;SANTA CRUZ DE TENERIFE;38320;105,00  ;2008/03
44939097H; SANCHEZ BAUTE ;NAZARET;M;9-mar.-07;SANTA CRUZ DE TENERIFE;38002;70,00  ;2007/03
35185343N; SANCHEZ BAUTE ;NEFTALI;V;16-jun.-07;GÜIMAR;38570;70,00  ;2007/06
59665128T; SANCHEZ BAZ ;NAYRA VANESA;M;10-ago.-07;GÜIMAR;38570;35,00  ;2007/08
19760474R; SANFIEL BARRERA ;NILI;V;23-sep.-07;GÜIMAR;38570;35,00  ;2007/09
57563847E; SANTANA BARRERA ;NOELIA;M;12-abr.-07;SANTA CRUZ DE TENERIFE;38320;70,00  ;2007/04
23952219L; SANTOS ARTEAGA ;NOEMI;M;7-feb.-07;SANTA CRUZ DE TENERIFE;38002;35,00  ;2007/02
50015425Q; SANTOS ARVELO ;NOEMI;M;28-mar.-08;SANTA CRUZ DE TENERIFE;38320;70,00  ;2008/03
90006262V; SANTOS ARZOLA ;NOELIA;M;3-mar.-07;GÜIMAR;38570;35,00  ;2007/03
16810267G; SANTOS BARBER ;NOELIA;M;28-nov.-07;CANDELARIA;38003;70,00  ;2007/11
81709300Y; SANTOS BARRERA ;NOELIA;M;14-dic.-07;LA LAGUNA;38004;105,00  ;2007/12
45822731S; SANTOS BARRERA ;NOELIA;M;28-ago.-07;LA LAGUNA;38108;35,00  ;2007/08
51365164T; SEGURA ARTEAGA ;NURIA;M;29-oct.-07;GÜIMAR;38570;35,00  ;2007/10
72008304L; SEQUEDA ARTEAGA ;NURIA;M;23-abr.-07;SANTA CRUZ DE TENERIFE;38320;70,00  ;2007/04
10866343Q; SERAFIN ARMAS ;ODELIA;M;21-dic.-07;SANTA CRUZ DE TENERIFE;38002;105,00  ;2007/12
72300732W; SERAFIN ARTEAGA ;NURIA B.;M;10-mar.-08;CANDELARIA;38003;70,00  ;2008/03
17506600N; SIMON ARMAS ;OFELIA;M;29-feb.-08;GÜIMAR;38570;35,00  ;2008/02
80125333A; SIVERIO ARMAS ;OLGA;M;22-mar.-08;SANTA CRUZ DE TENERIFE;38320;70,00  ;2008/03
61941336J; SOCAS AMORA ;OLIVER;V;12-ene.-08;SANTA CRUZ DE TENERIFE;38320;70,00  ;2008/01
84889870K; SOCAS ARBELO ;OLIMPIO;V;21-ene.-07;GÜIMAR;38570;70,00  ;2007/01
84499338Y; SOCAS ARMAS ;OLGA;M;19-jul.-07;LA LAGUNA;38004;70,00  ;2007/07
52667934G; SOCAS ARMAS ;OLGA;M;2-ene.-08;LA LAGUNA;38108;105,00  ;2008/01
94995339A; SOCAS ARMAS ;OLIMPIA;M;19-nov.-07;CANDELARIA;38003;35,00  ;2007/11
58806655W; SORIANO AMARO ;OMAR L.;V;27-feb.-08;SANTA CRUZ DE TENERIFE;38002;105,00  ;2008/02
25637605B; SOSA AMARO ;OSCAR;V;13-mar.-08;GÜIMAR;38570;105,00  ;2008/03
25697026T; SOTO AMARO ;OSCAR G.;V;22-sep.-07;SANTA CRUZ DE TENERIFE;38320;35,00  ;2007/09
20914557J; SUAREZ ALVAREZ ;P. JOEL;V;9-nov.-07;SANTA CRUZ DE TENERIFE;38320;105,00  ;2007/11
79451595G; SUAREZ ALVAREZ ;PABLO;V;9-dic.-07;CANDELARIA;38003;105,00  ;2007/12
70051537T; SUAREZ ALVAREZ ;PABLO;V;19-mar.-07;LA LAGUNA;38004;35,00  ;2007/03
95614037R; SUAREZ ALVAREZ ;PABLO;V;17-dic.-07;LA LAGUNA;38108;105,00  ;2007/12
83669428M; SUAREZ ALVAREZ ;PABLO;V;12-nov.-07;SANTA CRUZ DE TENERIFE;38002;70,00  ;2007/11
52169459P; SUAREZ AMADOR ;P. ALEJANDRO;V;9-ene.-08;GÜIMAR;38570;105,00  ;2008/01
57361427W; TAMARA ALVAREZ ;PAOLO;V;30-ago.-07;GÜIMAR;38570;70,00  ;2007/08
70373075K; TEJEDOR ALVAREZ ;PATRICIA;M;17-may.-07;SANTA CRUZ DE TENERIFE;38320;70,00  ;2007/05
61603934K; TEJERA ALVAREZ ;PATRICIA;M;3-sep.-07;LA LAGUNA;38004;35,00  ;2007/09
27020054E; TEJERA ALVAREZ ;PAULA;M;8-feb.-07;LA LAGUNA;38108;105,00  ;2007/02
85002896W; TERAN ALVAREZ ;PAULA;M;4-dic.-07;CANDELARIA;38003;35,00  ;2007/12
41030345R; TOLEDO ALONSO ;PAULINA;V;4-mar.-08;SANTA CRUZ DE TENERIFE;38002;35,00  ;2008/03
11457081E; TOLEDO ALVAREZ ;PAULA;M;27-sep.-07;GÜIMAR;38570;70,00  ;2007/09
19240103M; TOME ALONSO ;PEDRO;V;12-may.-07;GÜIMAR;38570;70,00  ;2007/05
79812999D; TOME ALONSO ;PEDRO;V;28-abr.-08;SANTA CRUZ DE TENERIFE;38320;70,00  ;2008/04
97951122X; TORRES ALCANTARA ;PILAR;M;24-ene.-07;SANTA CRUZ DE TENERIFE;38320;70,00  ;2007/01
10585164N; TORRES ALFONSO ;PEREGRINA;M;20-feb.-07;SANTA CRUZ DE TENERIFE;38002;105,00  ;2007/02
56755399R; TORRES ALFONSO ;PETRA;M;9-jul.-07;GÜIMAR;38570;105,00  ;2007/07
33301360M; TORRES ALMEIDA ;PEREGRINA;M;14-oct.-07;CANDELARIA;38003;70,00  ;2007/10
34614096Q; TORRES ALONSO ;PEDRO A;V;23-ago.-07;GÜIMAR;38570;105,00  ;2007/08
90569916X; TORRES ALONSO ;PEDRO GREGORIO;V;18-abr.-08;SANTA CRUZ DE TENERIFE;38320;70,00  ;2008/04
33737049M; TORRES ALONSO ;PEDRO JESUS;V;6-abr.-07;LA LAGUNA;38004;35,00  ;2007/04
27710192E; TORRES ALONSO ;PEDRO PABLO;V;21-ene.-07;LA LAGUNA;38108;70,00  ;2007/01
42735824F; TORRES ALONSO ;PEDRO;V;16-feb.-08;LA LAGUNA;38004;35,00  ;2008/02
66654522Q; TORRES ALONSO ;PEDRO;V;19-ene.-08;SANTA CRUZ DE TENERIFE;38002;105,00  ;2008/01
11608922V; TOSTE ALBERTO ;PILAR;M;20-jul.-07;LA LAGUNA;38004;105,00  ;2007/07
26480985G; TRUJILLO AFONSO ;RAFAELA;M;2-mar.-08;GÜIMAR;38570;35,00  ;2008/03
62645463H; TRUJILLO AFONSO ;RAFAEL;V;6-feb.-07;SANTA CRUZ DE TENERIFE;38002;35,00  ;2007/02
57688601R; TRUJILLO ALAYON ;PRISCILA;M;13-may.-08;GÜIMAR;38570;70,00  ;2008/05
98677009V; TRUJILLO ALAYON ;RAFAEL;V;18-ago.-07;SANTA CRUZ DE TENERIFE;38320;35,00  ;2007/08
27516025K; TRUJILLO ALBELO ;PILAR;M;1-feb.-08;CANDELARIA;38003;35,00  ;2008/02
77042051D; TRUJILLO ALBELO ;PILAR;V;5-may.-07;LA LAGUNA;38108;105,00  ;2007/05
48579061W; UMPIERREZ AFONSO ;RAFAELA;M;18-dic.-07;SANTA CRUZ DE TENERIFE;38320;35,00  ;2007/12
34687844A; VALDES AFONSO ;RAINER;V;22-mar.-08;GÜIMAR;38570;35,00  ;2008/03
98748201R; VALERIANO AFONSO ;RAMONA;M;20-sep.-07;LA LAGUNA;38004;35,00  ;2007/09
98639327D; VALERIANO AFONSO ;RAMON;V;28-feb.-08;SANTA CRUZ DE TENERIFE;38320;70,00  ;2008/02
72813969V; VALLADARES AFONSO ;RAMONA FE;M;6-jul.-07;LA LAGUNA;38108;105,00  ;2007/07
92766502G; VAN OPPENS AFONSO ;RAQUE;M;15-feb.-08;CANDELARIA;38003;35,00  ;2008/02
12083255K; VARGAS AFONSO ;RAQUEL;M;22-dic.-07;SANTA CRUZ DE TENERIFE;38002;35,00  ;2007/12
17805844A; VEGA AFONSO ;RAQUEL;M;23-feb.-08;GÜIMAR;38570;70,00  ;2008/02
44115743H; VERA ACOSTA ;RAQUEL;M;2-jun.-07;LA LAGUNA;38108;35,00  ;2007/06
10348009X; VERA ACUÑA ;RAQUEL;M;18-abr.-08;LA LAGUNA;38004;105,00  ;2008/04
17250696Y; VERA ADRIAN ;RAQUEL;M;15-feb.-08;SANTA CRUZ DE TENERIFE;38320;70,00  ;2008/02
26851597V; VILLALBA ACOSTA ;RAQUEL ANA;M;13-abr.-08;GÜIMAR;38570;70,00  ;2008/04
94273832Y; VILLALBA ACOSTA ;RAQUEL XIOMARA;M;26-nov.-07;SANTA CRUZ DE TENERIFE;38002;105,00  ;2007/11
75162952X; VILLALBA ACOSTA ;RAQUEL;M;26-abr.-08;CANDELARIA;38003;70,00  ;2008/04
80488143B; VILLAR ACOSTA ;RAUL;V;25-mar.-08;GÜIMAR;38570;105,00  ;2008/03
81945415A; YANES ABREU ;RAYCO DAVID;V;16-nov.-07;SANTA CRUZ DE TENERIFE;38002;105,00  ;2007/11
50733205N; YANES ACEVEDO ;RAUL;V;15-feb.-08;LA LAGUNA;38004;105,00  ;2008/02
55168642Z; YANES ACOSTA ;RAUL;V;22-abr.-07;SANTA CRUZ DE TENERIFE;38320;35,00  ;2007/04
91285127J; YUSTA ABREU ;RAYCO ESAUL;V;7-sep.-07;GÜIMAR;38570;105,00  ;2007/09
60177593W;GRAÑA ABRANTE ;REMEDIOS;V;26-feb.-07;SANTA CRUZ DE TENERIFE;38320;105,00  ;2007/02
